State,Name,Link,CohortDate,ExitValue,Name1,Funding
Exited,Rapportive,http://rapportive.com,6/2010,15000000,H,1000000
Exited,Snipshot,http://snipshot.com,1/2006,,,
,Clustrix,http://www.clustrix.com,1/2006,,,71650000
Exited,Xobni,http://www.xobni.com,6/2006,48000000,H,41752000
Dead,Kirkland North,http://www.playturf.net,1/2008,,,225000
Dead,Voxli,https://voxli.com,1/2009,,,15000
Exited,reMail,http://www.remail.com,1/2009,3000000,L,
,Wattvision,http://wattvision.com,1/2009,,,
,DirectedEdge,http://www.directededge.com,6/2009,,,15000
Exited,Flightcaster,http://www.flightcaster.com,6/2009,15000000,L,1300000
Dead,CarWoo,http://a9car.com/,6/2009,,,10850000
Exited,Data Marketplace,http://www.datamarketplace.com,1/2010,600000,L,
,Browsarity,http://www.browsarity.com,1/2010,,,
Exited,FanVibe,http://fanvibe.com,6/2010,2000000,L,
Dead,HireHive,http://hirehive.com,6/2010,,,
,HelloSign,http://www.hellofax.com,1/2011,,,
,Tumult,http://tumult.com,1/2011,,,
,PayDragon,http://paydragon.com,6/2011,,,
,EveryMe,https://everyme.com/,6/2011,,,5163408
,Quartzy,http://www.quartzy.com,6/2011,,,22200000
,HackerRank,http://hackerrank.com,6/2011,,,24199995
,HireArt,http://www.hireart.com,1/2012,,,1400000
Exited,Authy,http://www.authy.com,1/2012,,,3067000
Exited,Reddit,http://www.reddit.com,6/2005,20000000,M,50100000
,Simmery,None,6/2005,,,
Exited,Parakey,http://www.parakey.com,6/2005,5000000,L,
,Buxfer,http://www.buxfer.com,1/2007,,,315000
Dead,YumDots,http://yumdots.com,1/2008,,,
Dead,Frogmetrics,http://frogmetrics.com,6/2008,,,
Exited,Heyzap,http://www.heyzap.com,1/2009,45000000,,7995000
Dead,NudgePad,http://nudgepad.com,6/2009,,,
,Optimizely,http://optimizely.com,1/2010,,,146200000
,Indinero,http://indinero.com,6/2010,,,12041526
Exited,Whereoscope,http://Whereoscope.com,6/2010,,,
,I Move You,None,6/2010,,,
Exited,Fridge,http://www.frid.ge,6/2010,3000000,L,80000
,Simperium,http://simplenoteapp.com,6/2010,,,
Exited,Gantto,http://gantto.com,6/2010,,,
,AnyList,http://www.anylistapp.com,6/2010,,,
,Giftrocket,http://www.giftrocket.com,1/2011,,,
,Graffiti Labs,http://playbuildy.com,6/2011,,,
,Zigfu,http://zigfu.com,6/2011,,,
Exited,Glassmap,http://www.glassmap.com,6/2011,2000000,L,
,Dealupa,http://dealupa.com,1/2012,,,
,Brace,http://www.backlift.com,1/2012,,,
,Mattermark,http://mattermark.com,6/2012,,,17200000
,Coinbase,https://www.coinbase.com,6/2012,,,117209590
,Plivo,http://www.plivo.com,6/2012,,,1750000
Dead,Writewith,http://writewith.com,1/2007,,,
Exited,Twitch,http://www.twitch.tv,1/2007,970000000,H,35000000
,A Thinking Ape,http://www.chatterous.com,1/2008,,,
Exited,280 North,http://280north.com,1/2008,20000000,H,250000
Dead,Deluux,http://deluux.com,1/2008,,,
Dead,JobAlchemy,,6/2008,,,
,Listia,http://www.listia.com,6/2009,,,11165000
,Mixpanel,http://www.mixpanel.com,6/2009,,,77015000
Dead,Fithub,http://fithub.com,1/2010,,,
Exited,1000Memories,http://1000memories.com,6/2010,15000000,L,2535000
,MessageParty,http://messageparty.com,6/2010,,,275000
,Comprehend Systems,http://www.comprehend.com,1/2011,,,45696000
,Bridge,http://flotype.com/,1/2011,,,1400000
,Userfox,http://userfox.com,6/2011,,,
,Circuithub,http://circuithub.com,1/2012,,,
,Wufoo,http://wufoo.com,1/2006,35000000,H,
Exited,ProjectWedding,http://www.projectwedding.com,1/2006,4000000,L,
Dead,JamGlue,http://www.jamglue.com,6/2006,,,
Exited,Heysan,http://www.heysan.com,1/2007,4000000,L,875000
Exited,Zenter,None,1/2007,4000000,L,15000
Exited,Backtype,http://www.backtype.com,6/2008,5000000,L,1315000
,AirBnb,http://airbnb.com,1/2009,,,4398082100
,FanChatter,http://fanchatter.com,6/2009,,,20000
,OwnLocal,http://www.ownlocal.com,1/2010,,,3447000
Exited,Mertado,http://www.mertado.com,1/2010,10000000,L,2300000
Dead,Koduco,http://www.Koduco.com,6/2010,,,
,AppHarbor,http://appharbor.com,1/2011,,,
,Siasto,http://siasto.com,1/2011,,,750000
Exited,Earbits,http://www.earbits.com,1/2011,,,630000
,MemSQL,http://www.memsql.com,1/2011,,,78100000
Dead,Zenbox,http://www.zenboxapp.com,6/2011,,,
,Videopixie,http://www.sellstage.com,6/2011,,,
,Hungry Labs,http://hungrylabs.com,6/2011,,,
,Coderwall,http://coderwall.com,1/2012,,,
,iCracked,http://www.icracked.com,1/2012,,,
,Shoptiques,http://shoptiques.com,1/2012,,,2000000
Exited,Auctomatic,http://auctomatic.com,1/2007,5000000,H,400000
Dead,iJigg,http://ijigg.com,6/2007,,,
,Ninite,http://ninite.com,1/2008,,,
Dead,PopCuts,http://www.popcuts.com,6/2008,,,
Dead,CO2Stats,http://co2stats.com,6/2008,,,
,Recurious,http://thesixtyone.com,1/2009,,,
,RentHop,https://www.renthop.com,6/2009,,,25000
,Jobspice,http://www.jobspice.com,6/2009,,,
Exited,DailyBooth,http://dailybooth.com/,6/2009,10000000,L,7015000
Dead,Wakemate,http://www.wakemate.com,6/2009,,,
,YC S09 Stealth - #25,http://,6/2009,,,
Dead,Notifo,http://notifo.com,1/2010,,,
,Creative Market,http://www.chromaom.com,1/2010,,,
Dead,Nowmov,http://nowbox.com,1/2010,,,
Exited,500Friends,http://www.500Friends.com,1/2010,,,12900000
Dead,OhLife,http://ohlife.com,6/2008,,,
Dead,Tapzilla,http://tapzilla.com,6/2010,,,
,Workflowy,http://workflowy.com,6/2010,,,
,YouGotListings,http://www.yougotlistings.com,1/2011,,,150000
,MailGun,http://www.mailgun.net,1/2011,30000000,L,51100000
,StoryWorth,https://www.storyworth.com,1/2011,,,167000
Dead,Balanced,http://www.balancedpayments.com,1/2011,,,3550000
Exited,Kicksend,http://kicksend.com,6/2011,,,2800000
,Citus Data,https://www.citusdata.com,6/2011,,,13150000
,Clerky,http://www.clerky.com,6/2011,,,
,Imgix,https://www.imgix.com,6/2011,,,7164000
,The Muse,http://www.themuse.com/,1/2012,,,7316522
Dead,LVL6,http://www.lvl6.com,1/2012,,,
Dead,SlidePay,http://www.slidepay.com,1/2012,,,2100000
,Marft,http://marft.com,1/2012,,,
,Parallel Universe,http://paralleluniverse.co,6/2012,,,
,InklingMarkets,http://inklingmarkets.com,1/2006,,,20000
,AudioBeta,None,1/2006,,,
Exited,Octopart,http://octopart.com,1/2007,,,374999
Exited,Zecter,http://www.zecter.com,6/2007,10000000,L,2515000
,Bountii,http://bountii.com,6/2007,,,15000
Exited,Clickpass,http://www.clickpass.com,6/2007,1000000,L,20000
,Dropbox,http://www.dropbox.com,6/2007,,,1707215000
Dead,MightyQuiz,http://mightyquiz.com,1/2008,,,
,Vidly / Fliggo,http://m.vid.ly,6/2008,,,500000
,Propable,None,1/2009,,,
Dead,Tuxebo,http://www.tuxebo.co.uk,6/2009,,,
Exited,CardPool,http://www.cardpool.com,1/2010,50000000,L,
,Zenedy,http://zenedy.com,1/2010,,,
Exited,ReadyForZero,https://www.readyforzero.com,6/2010,,,4777000
Dead,Opzi,http://opzi.com,6/2010,,,1015000
,Custora,https://www.custora.com/,1/2011,,,6500000
,Acunote,http://www.acunote.com,1/2011,,,
Exited,Snapjoy,http://snapjoy.com,6/2011,5000000,L,
,B2Brev,None,6/2011,,,
Exited,Fobo,http://www.getyardsale.com,6/2011,,,
,Quad,http://thequad.com,6/2011,,,
Exited,Exec,http://iamexec.com,1/2012,,,3300000
,Swiftype,https://swiftype.com,1/2012,,,22200000
,MyVR,https://myvr.com,1/2012,,,1400000
,Glider,http://,1/2012,,,
Exited,Kiko,http://kiko.com,6/2005,258100,H,50000
Dead,LikeBetter,None,6/2006,,,
,Scribd,http://scribd.com,6/2006,,,47762000
Dead,Fuzzwich,http://fuzzwich.com,6/2007,,,15000
,ContestMachine,http://www.contestmachine.com,6/2007,,,
Dead,People and Pages,http://www.peopleandpages.com,6/2008,,,
,Foodoro,http://foodoro.com,1/2009,,,
Dead,Nambii,http://www.nambii.com,1/2009,,,
Exited,Zencoder,http://zencoder.com,1/2010,30000000,H,2000000
Exited,FutureAdvisor,http://www.futureadvisor.com,6/2010,150000000,,21500000
Exited,PadMapper,http://www.padmapper.com,6/2010,,,
Exited,Lanyrd,http://lanyrd.com,1/2011,,,1400000
Dead,Moki.TV,http://moki.tv,1/2011,,,
,MixRank,https://mixrank.com,6/2011,,,2000000
,Verbling,https://www.verbling.com,6/2011,,,3720000
,Tagstand,http://www.tagstand.com/,6/2011,,,1850000
,Sift Science,http://siftscience.com,6/2011,,,53600000
,Realm,http://realm.io/,6/2011,,,29000000
Exited,Embark,http://letsembark.com,6/2011,,,1000000
,Talkray,None,1/2012,,,
,BarSense,http://www.barsense.com/,1/2012,,,
Exited,Shopular,http://shopular.com,1/2012,,,13597710
,SolidStage,http://,1/2012,,,
Dead,Memamp,None,6/2005,,,
Dead,HelloChair,http://www.hellochair.com,6/2007,,,889999
Exited,Anywhere.fm,http://www.anywhere.fm,6/2007,2000000,H,15000
Dead,SlapVid,http://slapvid.com,6/2007,,,
Exited,Omnisio,http://omnisio.com,1/2008,15000000,H,
Dead,Socialbrowse,http://www.socialbrowse.com,1/2008,,,
,TeamApart,http://www.meetcast.com,6/2008,,,
,Picurio,http://picurio.com,1/2009,,,
,YC S09 Stealth - #24,http://,6/2009,,,
,Gamador,http://www.gamador.com,1/2010,,,
,Teevox,http://teevox.com,6/2010,,,
,Habit Labs,http://habitlabs.com,6/2010,,,745000
Dead,Close.io,http://swipegood.com,1/2011,,,500000
,Codecademy,http://www.codecademy.com,6/2011,,,42500000
Exited,Perfect Audience,http://perfectaudience.com,6/2011,22800000,H,2460000
,Meteor,http://meteor.com,6/2011,,,31200000
,Segment.io,http://segment.com,6/2011,,,44720000
,Ark,http://www.ark.com,1/2012,,,4450000
,MakeSchool,http://www.makeschool.com,1/2012,,,
Dead,Flagr,http://flagr.com,1/2006,,,
Dead,SocialMoth,http://socialmoth.com,1/2007,,,
Dead,Tsumobi,http://tsumobi.com,1/2007,,,
Exited,Heroku,http://www.heroku.com,1/2008,250000000,H,13020000
Dead,Wundrbar,http://wundrbar.com,1/2008,,,
Exited,Cue,http://www.cueup.com,1/2010,50000000,H,4715000
Exited,Movity,http://www.movity.com,1/2010,15000000,L,1300000
,Chart.io,http://chartio.com,6/2010,,,6770000
,TellFi,http://tellfi.com,1/2011,,,
,Noteleaf,http://noteleaf.com,1/2011,,,
Exited,Sendoid,http://sendoid.com,1/2011,2000000,L,
"Dead
				Exited",Pebble Technology,https://www.pebble.com/,1/2011,23000000,,58813829
,MarketBrief,http://marketbrief.com,6/2011,,,
,Aisle50,http://www.aisle50.com,6/2011,,,5200000
Exited,Launchpad Toys,http://launchpadtoys.com,6/2011,,,1117000
Exited,PageLever,http://www.primamici.si,6/2011,,,
Exited,Automatic,http://automatic.com,6/2011,100000000,,24000000
,OneSignal,https://onesignal.com/,6/2011,,,2000000
,PlanGrid,http://www.plangrid.com,1/2012,,,59100000
"Dead
				Exited",HackPad,http://hackpad.com,1/2012,,,
,Amplitude,http://sonalight.com,1/2012,,,
Exited,FamilyLeaf,http://familyleaf.com,1/2012,,,984000
,LendUp,http://www.lendup.com,1/2012,,,361500000
,LeanMarket,https://www.leanstartupmachine.com/,6/2012,,,100000
,Talkito,None,6/2006,,,
,Disqus,http://www.disqus.com,6/2007,,,10500000
Exited,Appjet,http://appjet.com,6/2007,9000000,L,715000
,Machine Zone,http://www.mz.com,1/2008,,,390300000
Dead,Snaptalent,http://snaptalent.com,1/2008,,,
Dead,Picwing,http://www.picwing.com,6/2008,100000,L,
Dead,Youlicit,http://www.youlicit.com,6/2008,,,
,Volantio,http://adioso.com,1/2009,,,355000
Dead,InstantQ,http://www.instantq.com,6/2009,,,
Exited,Lingt,http://www.lingt.com,6/2009,3000000,L,
,WePay,http://go.wepay.com,6/2009,,,74150000
Exited,Etacts,http://www.etacts.com,1/2010,3000000,L,740000
Exited,Crocodoc,http://www.crocodoc.com,1/2010,,,
,Fabricly,http://www.dakotaplainsfabrication.com,1/2010,,,
,Stripe,http://stripe.com,6/2009,,,440000000
,E la Carte,http://elacarte.com,6/2010,,,67500000
Exited,Meetings.io,http://meetings.io,1/2010,2000000,L,1800000
,Kaleidoscope,http://kaleidoscope.co.uk,1/2011,,,
Dead,TrustEgg,http://www.trustegg.com,1/2011,,,1150000
,Humble Bundle,https://www.humblebundle.com,1/2011,,,4480000
Exited,Compose,http://compose.io,6/2011,,,6417000
,Opez,http://www.opez.com,6/2011,,,
,LeadGenius,https://leadgenius.com,6/2011,,,20000000
,PicPlum,http://picplum.com,6/2011,,,
,Vidyard,http://vidyard.com,6/2011,,,60650000
,Dubjoy,http://dubjoy.com,6/2011,,,1600000
,AgileMD,http://www.agilemd.com,6/2011,,,2000000
,Pingm,http://,6/2011,,,
Exited,SocialCam,http://socialcam.com,1/2012,60000000,H,
,Anyperk,http://fond.co,1/2012,,,25850000
Exited,Flutter,http://flutterapp.com,1/2012,40000000,H,1400000
,Jellyfish Art,http://www.jellyfishart.com,1/2012,,,
Exited,Amiato,http://www.amiato.com,1/2012,,,2000000
,WireOver,http://www.wireover.com,1/2012,,,
,Tap To Learn,http://www.taptolearn.com,1/2012,,,
,FlightFox,http://flightfox.com,6/2012,,,850980
,Clever,https://clever.com,6/2012,,,46320000
Dead,Thinkature,None,6/2006,,,
Dead,Whitenoise Networks,http://www.whitenoisenetworks.com,1/2007,,,
Exited,Cloudant,http://cloudant.com,6/2008,,,18250000
Dead,Biographicon,http://www.biographicon.com,6/2007,,,
Dead,Mixwit,http://mixwit.com,1/2008,,,
,Joberator,http://joberator.com,1/2008,,,
Exited,FathomDB,http://www.fathomdb.com,1/2008,,,
,Precognate,None,6/2008,,,
Dead,AwesomeHighlighter,http://www.awesomehighlighter.com,6/2008,,,
,Olark,https://www.olark.com,6/2009,,,
,Lockitron,http://lockitron.com,6/2009,,,2200000
Dead,NewsLabs,http://www.newslabs.com,1/2010,,,
Exited,Hipmunk,http://www.hipmunk.com,6/2010,58000000,,54983999
,Talkable,https://www.talkable.com,1/2011,,,1200000
,MinoMonsters,http://www.mino-games.com/,1/2011,,,4868000
Exited,TalkBin,http://www.talkbin.com,1/2011,15000000,L,
,YC W11 Stealth - #44,http://,1/2011,,,
,BridgeUs,http://,6/2011,2000000,L,
Exited,Parse,http://parse.com,6/2011,90000000,H,7000000
Dead,DebtEye,http://www.debteye.com,6/2011,,,
Exited,Cryptoseal,http://www.cryptoseal.com,6/2011,,,280000
,Draft,http://draftin.com,6/2011,,,
,Chute,http://getchute.com,1/2012,,,16819997
Dead,EveryArt,http://everyart.com,1/2012,,,
,Medigram,https://medigram.com/,1/2012,,,
Exited,Tilt,http://www.tilt.com,1/2012,,,67100000
,FarmLogs,http://farmlogs.com,1/2012,,,37000000
,Infogami,http://infogami.co.uk,6/2005,,,
,Weebly,http://www.weebly.com,1/2007,,,39826763
,BlueFrogGaming,http://www.bluefroggaming.com,6/2007,,,
Exited,Bump,http://bu.mp,6/2009,30000000,H,19900000
Dead,Infoharmoni,http://www.infoharmoni.com,1/2010,,,
Exited,AdGrok,http://adgrok.com,6/2010,10000000,H,470000
,GinzaMetrics,http://ginzametrics.com,6/2010,,,1714000
Exited,Leftronic,http://www.leftronic.com,6/2010,,,500000
,Crowdbooster,http://crowdbooster.com,6/2010,,,
,AeroFS,http://www.aerofs.com,6/2010,,,15500000
,GOAT,https://dosuperb.com,1/2011,,,9360573
Exited,Tutorspree,http://www.tutorspree.com,1/2011,,,1800000
,Convore,http://convore.com,1/2011,,,
,Chirply,http://www.chirply.com,6/2010,,,1100000
,Hyperink,http://www.hyperink.com,1/2011,,,1200000
Exited,Rentobo,http://www.rentobo.com,6/2011,,,
,PayStack,http://,6/2011,,,
Dead,MineFold,http://minefold.com,1/2012,,,
,Priceonomics,http://priceonomics.com,1/2012,,,1670000
,Zillabyte,http://www.zillabyte.com,1/2012,,,1500000
,MatterPort,http://www.matterport.com,1/2012,,,61000000
,Gusto,https://gusto.com/,1/2012,,,253100000
,Per Vices,http://pervices.com,1/2012,,,
,Rescale,http://www.rescale.com,1/2012,,,20400000
,Medmonk,http://medmonk.com,1/2012,,,150177
,JumpChat,None,6/2006,,,
,Songkick,http://songkick.com,6/2007,,,60815000
Dead,Splashup,http://splashup.com,6/2007,,,10000
Dead,Reble,http://reble.fm,6/2007,,,
,Trigger.io,http://trigger.io,1/2008,,,1604400
,RescueTime,http://rescuetime.com,1/2008,,,920000
Exited,Posterous,http://posterous.com,6/2008,10000000,H,10140000
Dead,TicketStumbler,http://ticketstumbler.com,6/2008,,,15000
Dead,Skysheet,http://www.skysheet.com,1/2009,,,
,HighlightCam,http://www.HighlightCam.com,6/2009,,,3000000
Exited,RethinkDB,http://www.rethinkdb.com,6/2009,25000,,23200000
,LaunchHear,None,1/2010,,,
Dead,FitFu,http://www.fitfu.com,1/2011,,,400000
,Dr Chrono,https://www.drchrono.com,1/2011,,,18725000
,NowJS,http://flotype.com/,1/2011,,,1400000
,ZeroCater,https://zerocater.com,1/2011,,,5599999
,Interstate,http://interstateapp.com,6/2011,,,
Exited,Leaky,http://leaky.com,6/2011,,,
Exited,Clutch.io,None,6/2011,2000000,L,
Exited,SendHub,http://sendhub.com,1/2012,,,10000000
Exited,Loom,http://www.loom.com,1/2012,,,1400000
Exited,Couple,http://couple.me,1/2012,,,4200000
,Your Mechanic,http://www.yourmechanic.com,1/2012,,,28000000
Exited,Pixelapse,http://www.pixelapse.com,1/2012,,,
,RideCell,http://www.ridecell.com,1/2012,,,11700000
,LightTable,http://www.lighttable.com,6/2012,,,
,Zapier,https://zapier.com,6/2012,,,2562000
,PollGround,None,6/2006,,,
,Shoutfit,None,6/2006,,,
Exited,OMGPOP,http://omgpop.com,6/2006,200000000,H,16600000
,VirtualMin,http://www.virtualmin.com,1/2007,,,
,View3,None,1/2007,,,
Dead,Tipjoy,http://www.tipjoy.com,1/2008,,,1000000
,Insoshi,http://insoshi.com,1/2008,,,
,Anyvite,http://www.anyvite.com,6/2008,,,
Exited,Slinkset,http://slinkset.com,6/2008,100000,L,15000
Exited,JustSpotted,http://www.justspotted.com,6/2008,,,765000
,ClaimSpotting,None,6/2008,,,
Exited,Divvyshot,http://divvyshot.com,1/2009,5000000,L,10000
Exited,Echodio,http://www.echodio.com,1/2009,5000000,L,
Exited,Cloudkick,http://cloudkick.com,1/2009,30000000,H,2750000
Dead,Answerly.com,http://www.InboxQ.com,1/2010,,,
Exited,GazeHawk,http://www.gazehawk.com,6/2010,2000000,L,
,Brushes,http://brushesapp.com,6/2010,,,
Exited,Docker,http://www.dotcloud.com,6/2010,,,28679147
,Instapainting,http://like.fm,1/2011,,,
,Five Stars,http://fivestarscard.com,1/2011,,,42650000
Exited,OrderAhead,http://orderaheadapp.com,1/2011,,,10500000
,YC W11 Stealth - #45,http://,1/2011,,,
Exited,FreshPlum,http://www.freshplum.com,6/2011,,,2484999
Exited,Stypi,http://www.stypi.com,6/2011,2000000,L,
,Science Exchange,http://scienceexchange.com,6/2011,,,30500000
,Streak.com,http://greekstreak.com,6/2011,,,
Exited,Caviar,http://www.trycaviar.com,6/2011,90000000,,15000000
,ScreenLeap,http://www.screenleap.com,1/2012,,,
,42floors,http://42floors.com,1/2012,,,17400000
Dead,Install Monetizer,http://www.InstallMonetizer.com,1/2012,,,500000
,Clever Deck,http://cleverdeck.com,1/2012,,,
,Documents.me,http://Documents.me,1/2012,,,250000
,Filestack,http://filestack.com,6/2012,,,1800000
Exited,Loopt,http://www.loopt.com,6/2005,43400000,H,39105997
,ClickFacts,http://clickfacts.com,6/2005,,,847708
Exited,TextPayMe,http://www.textpayme.com,6/2005,3000000,L,
Exited,SocialPicks,http://www.socialpicks.com,6/2007,8000000,L,500000
,PollEverywhere,http://www.polleverywhere.com,6/2008,,,20000
Dead,Snipd,http://www.snipd.com,6/2008,,,15000
,YC Stealth YC S08 #24,http://,6/2008,,,
Dead,PocketFunGames,http://pocketfungames.com,1/2009,,,
Exited,GraffitiGeo,http://graffitigeo.com,6/2009,100000,L,20000
Dead,Plurchase,http://plurchase.com,6/2009,,,
,Allscreen,http://www.allscreenhq.com,1/2010,85000000,H,500000
Exited,Embedly,http://embed.ly,1/2010,,,1020000
,PagerDuty,http://www.pagerduty.com,6/2010,,,83600000
Dead,HomeJoy,http://www.Homejoy.com,6/2010,,,64190945
,Beetailer,http://www.beetailer.com,1/2011,,,
,Upverter,http://upverter.com,1/2011,,,4378571
Exited,TapEngage,http://www.tapengage.com,6/2011,2000000,L,
Exited,Firebase,http://www.firebase.com,6/2011,,,7000000
,Proxino,http://www.proxino.com,6/2011,,,
,GoCardless,http://gocardless.com,6/2011,,,24800000
,Genius,http://www.genius.com,6/2011,,,56900000
,HipMob,http://flypadapp.com,1/2012,,,
Dead,99dresses,http://99dresses.com,1/2012,,,105651
Dead,EngageInbox,http://givespark.com,1/2012,,,
Exited,Midnox,http://luma.io,1/2012,,,
Exited,Carsabi,http://carsabi.com,1/2012,,,
,Diaspora,http://diasporaproject.org,6/2012,,,
Exited,Kippt,http://kippt.com,6/2012,,,
,Virool,http://www.virool.com,6/2012,,,18620000
,SmartAsset,https://smartasset.com/,6/2012,,,23431095
,Partnered,http://www.partnered.com,6/2012,,,1098400
,Everyday.me,http://everyday.me,6/2012,,,
,QuicklyChat,http://www.quicklychat.com,6/2012,,,
,Kamcord,http://www.kamcord.com,6/2012,,,35270000
Dead,ViaCycle,http://www.viacycle.com,6/2012,,,
,Double Robotics,http://www.doublerobotics.com,6/2012,,,1900000
,Vastrm,http://www.vastrm.com,6/2012,,,1650000
,Newsblur,http://newsblur.com,6/2012,,,
,Instacart,https://www.instacart.com,6/2012,,,674800000
,MicroEval,http://microeval.com,6/2012,,,
Exited,BufferBox,http://www.bufferbox.com,6/2012,3000000,L,1000000
Exited,Statwing,http://www.statwing.com,6/2012,,,
,Vayable,http://www.vayable.com,6/2012,,,2100000
Dead,TapIn,http://www.tapin.tv,6/2012,,,
,SpinPunch,http://www.spinpunch.com,6/2012,,,
,Tracks.by,http://tracksby.com,6/2012,,,
,FundersClub,http://fundersclub.com,6/2012,,,6500000
,Grid,http://grid.binarythumb.com/,6/2012,,,
,Scoutzie,http://www.scoutzie.com,6/2012,,,
,DataNitro,http://www.datanitro.com,6/2012,,,
Dead,HipType,http://www.hiptype.com,6/2012,,,
,Canopy Labs,http://canopylabs.com,6/2012,,,2064000
,ReelSurfer,http://www.reelsurfer.com,6/2012,,,880000
,Amicus,http://amicushq.com,6/2012,,,3780000
,imgfave,http://imgfave.com,6/2012,,,
Exited,Easel,http://easel.io,6/2012,,,
,Knowmia,http://www.knowmia.com,6/2012,,,
Exited,VoiceGem,http://www.voicegem.com,6/2012,500000,L,
Dead,RegistryLove,http://registrylove.com,6/2012,,,
,Tastemaker,http://www.tastemaker.com,6/2012,,,3220985
,Testmunk,http://testmunk.com,6/2012,,,
,Coco Controller,http://cococontroller.com,6/2012,,,
,Profig,http://profig.com,6/2012,,,
Dead,Collections,http://www.collections.me,6/2012,,,
,Markupwand,http://www.goyaka.com,6/2012,,,
,Zentail,https://www.zentail.com,6/2012,,,
,Survata,https://www.survata.com,6/2012,,,7717000
,Mth Sense,http://mthsense.com,6/2012,,,
,9GAG,http://9gag.com,6/2012,,,2800000
Exited,Crohnology,http://crohnology.com,6/2012,,,
,Keychain Logistics,https://www.keychainlogistics.com,6/2012,,,2520000
Exited,GetGoing,http://www.getgoing.com,6/2012,,,2500000
,Airbrite,http://airbritelabs.com,6/2012,,,
,Submittable,http://www.submittable.com,6/2012,,,2250000
Dead,Hubchilla,http://www.hubchilla.com,6/2012,,,
,Rent.io,http://www.rent.io,6/2012,,,
,Eligible,https://www.eligible.com,6/2012,,,25200000
,Dreamforge,http://dreamforge.me,6/2012,,,
,OctaveWealth,http://bigcalc.com,6/2012,,,
Dead,TomoGuides,http://tomoguides.com,6/2012,,,
,StudyEdge,http://www.studyedge.com,6/2012,,,
Dead,Circular,http://www.circularapp.com,6/2012,,,
,BoostedBoards,http://www.boostedboards.com,6/2012,,,
,Grouper,http://joingrouper.com,1/2012,,,
,AdsOptimal,http://adsoptimal.com,6/2012,,,
,Fullstack Academy,http://fullstackacademy.com,6/2012,,,
,Thread,https://www.thread.com/,6/2012,,,16322190
,Rainforest QA,https://www.rainforestqa.com/,6/2012,,,16170000
,Celery,http://www.trycelery.com,6/2012,,,2300000
,Health Sherpa,https://www.healthsherpa.com/,6/2012,,,10000000
,Mattermost,http://mattermost.com,6/2012,,,
,Framebase,http://,6/2012,,,
Exited,Ink,http://,6/2012,,,
,Hipset,http://,6/2012,,,
Exited,Pixate,http://www.pixate.com,6/2012,,,3800000
,Benchling,http://benchling.com,6/2012,,,12900000
,Soylent,http://www.soylent.me,6/2012,,,
,Natero,https://www.natero.com,6/2012,,,3334176
,Arc,http://,6/2012,,,
,BackerKit,https://backerkit.com,6/2012,,,
,Lever,https://www.lever.co/,6/2012,,,32800000
,Svbtle,http://svbtle.com,6/2012,,,
,Watsi,http://watsi.org,1/2013,,,4700000
,Swish,http://www.swish.com,1/2013,,,
,Wevorce,http://wevorce.com,1/2013,,,6545962
,Strikingly,http://www.strike.com.au,1/2013,,,
Exited,FlightCar,http://flightcar.com,1/2013,,,40428608
Exited,Screenhero,http://screenhero.com,1/2013,,,1800000
,Zenefits,http://www.zenefits.com,1/2013,,,583600000
Exited,Meldium,http://www.meldium.com,1/2013,15000000,H,1000000
,Thalmic Labs (Myo),http://thalmic.com,1/2013,,,135606990
,Semantics3,http://www.semantics3.com,1/2013,,,2150000
,Experiment,http://www.experiment.com,1/2013,,,1230000
,SimplyInsured,http://www.simplyinsured.com,1/2013,,,8400000
,WeFunder,http://www.wefunder.com,1/2013,,,2330000
,StyleUp,http://thestyleup.com,1/2013,,,
,Fivetran,http://www.fivetran.com,1/2013,,,
,Lawdingo,http://www.lawdingo.com,1/2013,,,790000
,SwapBox,http://swapbox.com,1/2013,,,3000000
,BuildZoom,https://www.buildzoom.com,1/2013,,,14563000
,Lollipuff,http://www.lollipuff.com,1/2013,,,
,Padlet,http://padlet.com,1/2013,,,2320000
,Teespring,http://teespring.com,1/2013,,,56875000
,Pantelligent,http://www.pantelligent.com,1/2013,,,
,Errplane,http://errplane.com,1/2013,,,9112000
,Terascore,http://www.terascore.com,1/2013,,,100000
Exited,Posmetrics,http://posmetrics.com,1/2013,,,
,Goldbely,https://www.goldbely.com,1/2013,,,13000000
,Prizeo,http://www.prizeo.com,1/2013,,,2500000
,BitNami,https://bitnami.com,1/2013,,,
,PayTango,http://paytango.com,1/2013,,,700000
,Interana,http://www.interana.com,1/2013,,,46199999
,Medisas,http://www.medisas.com,1/2013,,,
,InfluxData,http://influxdata.com/,1/2013,,,24892000
,Prophecy Services,http://,1/2013,,,
,Airware,http://airware.com,1/2013,,,109550000
,VayCayHero,http://www.vaycayhero.com/,1/2013,,,4186500
,Etleap,http://etleap.com/,1/2013,,,
,CrowdMed,http://www.crowdmed.com,1/2013,,,3145000
,Appcubator,http://,1/2013,,,
,Heap Analytics,http://heapanalytics.com,1/2013,,,13000000
Exited,Coin,https://onlycoin.com,1/2013,,,15500000
,Butter Systems,http://buttersystems.com,6/2013,,,100000
,6sense,http://www.6sense.com,1/2013,,,36000000
,BeatDeck,http://,1/2013,,,
,Kalibrr,http://www.kalibrr.com,1/2013,,,2770000
Exited,MedXT,https://www.medxt.com,1/2013,,,
,RoverRide,http://,1/2013,,,
Exited,Standard Treasury,http://standardtreasury.com,6/2013,,,2700000
,Apptimize,http://apptimize.com,6/2013,,,18500000
,EasyPost,http://www.easypost.com,6/2013,,,3450000
Exited,SpoonRocket,http://www.spoonrocket.com,6/2013,,,13500000
,RealCrowd,http://www.realcrowd.com,6/2013,,,1600000
,Estimote,http://www.estimote.com,6/2013,,,13800000
,FanHero,http://fanhero.com,6/2013,,,
Exited,StatusPage,http://www.statuspage.io,6/2013,,,100000
,Jerpix,http://jerpix.com,6/2013,,,
Dead,Prim,http://getprim.com,6/2013,,,
Exited,DataRank,http://www.datarank.com,6/2013,,,1588000
,Lob,https://www.lob.com,6/2013,,,9400000
,DoorDash,http://www.doordash.com,6/2013,,,186700000
,Floobits,http://floobits.com,6/2013,,,
,Le Tote,http://www.letote.com,6/2013,,,52500000
,True Link Financial,https://www.truelinkfinancial.com,6/2013,,,7000000
,7 Cups of Tea,http://www.7cupsoftea.com,6/2013,,,
,One Month Rails,http://onemonth.com,6/2013,,,2684000
,Kivo,http://www.kivo.com,6/2013,,,97000
,Webflow,http://www.webflow.com,6/2013,,,2900000
,SimpleLegal,http://www.simplelegal.com,6/2013,,,
,Glio,https://glio.com,6/2013,,,
,Watchsend,http://watchsend.com,6/2013,,,650000
,Senic,http://www.senic.com,6/2013,,,
,LocalOn,http://www.localon.com,6/2013,,,175000
,Meta Space Glasses,http://www.metavision.com,6/2013,,,73000000
,Casetext,http://www.casetext.com,6/2013,,,20800000
Exited,Hackermeter,http://www.hackermeter.com,6/2013,350000,L,
,GoComm,http://gocomm.com,6/2013,,,
,SoundFocus,http://www.soundfocus.com,6/2013,,,1700000
,ixi-play,http://ixiplay.com,6/2013,,,
Exited,Weilos,http://weilos.com,6/2013,,,
,Toutpost,http://www.toutpost.com,6/2013,,,
,Bloomthat,http://www.bloomthat.com,6/2013,,,7600000
,Graft Concepts,http://www.graftconcepts.com,6/2013,,,
,Amulyte,http://www.amulyte.com,6/2013,,,255000
,Asseta,http://www.asseta.com,6/2013,,,1535000
,Crowdery,None,6/2013,,,
,Panorama Education,http://panoramaed.com,6/2013,,,16000000
Exited,URX,http://urx.com,6/2013,,,15100000
,Reebee,http://reebee.com,6/2013,,,
Exited,Teleborder,http://www.teleborder.com,6/2013,,,
,Hum,http://letshum.com,6/2013,,,
,Regalii,http://regalii.com,6/2013,,,6000000
Dead,Buttercoin,http://buttercoin.com,6/2013,,,1250000
,CoreOS,http://coreos.com,6/2013,,,50000000
,Lumoid,http://lumoid.com,6/2013,,,4400000
,imHome,https://imhomeapp.com/,6/2013,,,
,CrateJoy,http://www.cratejoy.com,6/2013,,,4000000
,Echo Locker,http://echolocker.com/,6/2013,,,
Exited,Layer by Layer,http://www.layerbylayer.com/,6/2013,,,
,YC S13 Stealth - #53,http://,6/2013,,,
,YC S13 Stealth - #52,http://,6/2013,,,
,Popular Pays,http://www.popularpays.com,1/2015,,,5420000
,TenantTurner,http://tenantturner.com/,6/2015,,,500000
,Triplebyte,http://triplebyte.com,6/2015,,,3000000
,Hingeto,https://www.hingeto.com/,1/2016,,,120000
,Gigster,https://gigster.com/,6/2015,,,12500000
,Hublo,http://www.hublo.com,6/2014,,,
,Athelas,https://athelas.com/,6/2016,,,120000
,Maderight,http://maderight.co,6/2015,,,
,SourceDNA,http://sourcedna.com,6/2015,,,
,Jopwell,http://www.jopwell.com,6/2015,,,4250000
,Instawork,http://www.instawork.co,6/2015,,,
,Interviewed,https://www.interviewed.com/,6/2015,,,2000000
,GoLorry,http://www.golorry.com/,1/2016,,,120000
,Nebia,http://nebia.com/#,6/2015,,,120000
,GovPredict,https://govpredict.com/home/index,6/2015,,,120000
,Gemnote,https://www.gemnote.com,6/2015,,,120000
,Confident Cannibas,http://www.confidentcannabis.com/,6/2015,,,3000000
,Branch8,http://www.branch8.com/,6/2015,,,
,Flirtey,http://www.flirtey.com,6/2015,,,16040875
,Markhor,https://themarkhor.com,6/2015,,,227000
,VIVE,http://www.vive.co,6/2015,,,2300000
,Shotput,http://www.shotput.com/,6/2015,,,120000
,TetraScience,http://www.tetrascience.com,6/2015,,,25000
,Mindori,http://mindori.com/,6/2016,,,
,Bitmovin,https://www.bitmovin.com,6/2015,,,10300001
Dead,CareLedger,http://www.careledger.com,6/2015,,,
,FutureLeague,http://www.futureleague.co,1/2014,,,1489000
,Scentbird,http://scentbird.com,6/2015,,,3840000
,Stealth Worker,https://stealthworker.com/,1/2016,,,120000
,Ambition,http://www.tryambition.com,1/2014,,,2000000
,Truebill,http://www.truebill.com,1/2016,,,1900000
,Lively,https://livelyme.com,1/2017,,,715000
,Cleanly,https://cleanly.com,1/2015,,,7300000
Exited,Vanhawks,http://www.vanhawks.com/,1/2015,,,1600000
,Bulletin,https://bulletin.co,1/2017,,,
Exited,Threadable,http://threadable.com,1/2014,,,
,PaveIQ,https://www.paveiq.com/,1/2016,,,120000
,NeoWize,http://www.neowize.com/,6/2016,,,840000
,AirPair,http://www.airpair.com,1/2014,,,
,StartClosing,http://startclosing.com/,1/2016,,,120000
,Yhat,http://yhathq.com,1/2015,,,2620000
,Proxy,https://www.proxy.co/,6/2016,,,3200000
,TrendMD,http://www.trendmd.com,1/2016,,,149702
,NanoNets,https://nanonets.com,1/2017,,,120000
,SketchDeck,http://sketchdeck.com,1/2014,,,2200000
,Beacon,http://www.beaconreader.com,1/2014,,,
,Millibatt,https://www.millibatt.com/,1/2017,,,
,AlemHealth,http://www.alemhealth.com/,1/2017,,,
,Perlara,http://plab.co,1/2016,,,7320000
,WorldCover,http://worldcovr.com,1/2016,,,100000
,OpenCurriculum,http://opencurriculum.org/,1/2014,,,40000
,Lattice,http://latticehq.com/,1/2016,,,2920000
,Seed,https://seed.co/,1/2015,,,5120000
,InnaMed,http://www.innamed.com,1/2017,,,81142
,Selfycart,https://www.selfycart.com/,6/2016,,,120000
,Slidemail,None,1/2015,,,120000
,Chillabit,https://justchillabit.com/,1/2016,,,120000
,Robby,https://robby.io/,6/2016,,,120000
,Newcope,http://,1/2010,,,
,Whirl,http://getwhirl.com,6/2014,,,375000
,WorkRamp,https://www.workramp.com,6/2016,,,1920000
,Second Measure,https://secondmeasure.com/,6/2015,,,2000000
,Landed,http://www.landed.com/#/home,1/2016,,,2120000
,Tab,http://tabmoney.com,6/2015,,,
,Kip Health,http://www.hellokip.com,1/2016,,,120000
,SMARTSITE,http://www.smartsitesafety.com/,6/2016,,,120000
,Clear Genetics,http://www.cleargenetics.com,1/2017,,,
,Pulpix,https://www.pulpix.com,1/2016,,,970000
,Bright,http://www.brightnetwork.co.uk,1/2015,,,120000
,Lawn Love,http://lawnlove.com/,6/2014,,,1900000
,Industrial Microbes,http://imicrobes.com,1/2015,,,120000
,StrongIntro,https://strongintro.com/,1/2016,,,120000
,OOHLALA,http://www.oohlalamobile.com,6/2016,,,4120000
,Algoriz,https://algoriz.com/,1/2017,,,
,Physio Health,https://physioh.com/,1/2016,,,120000
,Castle,http://entercastle.com/,1/2016,,,2772000
,Smartspot,None,1/2015,,,
,GrubMarket,https://www.grubmarket.com,1/2015,,,32100000
,Quero Education,http://quero.education/,6/2016,,,120000
,Greenshoe,http://getsaida.com/,6/2015,,,120000
,HiOperator,http://www.hioperator.com/,6/2016,,,120000
,Oolu,http://www.oolusolar.com/en_US/,6/2015,,,
,ApolloShield,http://www.apolloshield.com/,6/2016,,,120000
,Bonsai,https://www.hellobonsai.com,1/2016,,,120000
,Opsolutely,https://www.opsolutely.com/,6/2016,,,120000
,Compgun,http://www.compgun.com,1/2016,,,120000
,Jumpcut,http://jumpcut.com,6/2016,,,7120000
,YC W15 Stealth - #105,,1/2015,,,
Dead,Ohm,http://www.getohm.com/,6/2015,,,120000
,Serica,https://sericapay.com/,6/2015,,,
,Wifi Dabba,http://wifidabba.com/,1/2017,,,
,Captain 401,https://captain401.com/,6/2015,,,3500000
,mRelief,https://www.mrelief.com/,1/2016,,,120000
,Gbatteries,http://www.gbatteries.com,1/2014,,,
,Supply,http://www.madebysupply.com/,6/2015,,,120000
,Democracy Earth,http://democracy.earth/,1/2015,,,220000
,AppCanary,https://appcanary.com/,6/2015,,,120000
,The Ticket Fairy,https://www.theticketfairy.com/,6/2015,,,605000
,Trac,https://www.tracchicago.com,1/2016,,,120000
,Clara Labs,http://www.claralabs.com/,6/2014,,,5000000
,Aptible,https://www.aptible.com,6/2014,,,120000
,Meesho,http://www.meesho.com/,6/2016,,,
,Labdoor,http://LabDoor.com,1/2015,,,7990587
,QueueHop,http://queuehop.com/,1/2016,,,120000
,TaskPipes,https://taskpipes.com,1/2015,,,120000
,BlockStack Labs,https://blockstack.org/,6/2014,,,5450000
Exited,Streem,https://www.streem.com,6/2012,,,875000
,Moneytis,https://moneytis.com,1/2017,,,497637
,Replenish,http://getreplenish.com/,6/2014,,,
,Platzi,https://courses.platzi.com/,1/2015,,,2220000
,Bulk MRO,https://www.bulkmro.com/,1/2017,,,
,Lygos,http://www.lygos.com,1/2016,,,13120000
,YC W15 Stealth - #112,None,1/2015,,,
,Pit.ai,https://www.pit.ai/,1/2017,,,
,Style Lend,http://stylelend.com,1/2014,,,50000
,Zenflow,http://zenflow.com,1/2015,,,120000
Dead,Weave,http://www.weave.in,6/2014,,,5000000
,flexReceipts,http://www.flexreceipts.com,1/2016,,,5009415
,MeterFeeder,https://www.meterfeeder.com/,1/2016,,,120000
,Mosaic,https://saymosaic.com,6/2016,,,120000
,OMG Digital,http://omgvoice.com,6/2016,,,120000
,Revlo,https://www.revlo.co/,6/2016,,,3100000
,Marketfox,https://www.marketfox.io,1/2017,,,
,EquipmentShare,https://equipmentshare.com/,1/2015,,,33720000
,YC W14 Stealth - #75,http://,1/2014,,,
,YC W15 Stealth - #109,None,1/2015,,,
,ListRunner,https://listrunnerapp.com/,6/2014,,,500000
,UtilityScore,https://www.myutilityscore.com/#howitworks,6/2016,,,120000
,Message.io,http://www.message.io,1/2016,,,120000
,Lendsnap,https://lendsnap.com/,6/2016,,,120000
,Thunkable,http://thunkable.com/,1/2016,,,120000
,Sway,https://swayfinance.com,6/2016,,,120000
,Podium,https://www.podium.com,1/2016,,,620000
,Miso,http://getmiso.com/,6/2016,,,2700000
,Wallarm,https://wallarm.com,6/2016,,,2920000
,42,http://42debut.com,1/2014,,,
,Secful,http://www.secful.com/,1/2016,,,120000
,Indigo Fair,https://www.indigofair.com,1/2017,,,
,eBrandValue,http://www.ebrandvalue.com,1/2015,,,
,MDAcne,http://www.MDacne.com,1/2017,,,1500000
,DroneBase,http://dronebase.com,1/2015,,,6957370
,Boostable,http://www.boostable.com,1/2014,,,8222000
,Think Gaming,http://thinkgaming.com,6/2014,,,120000
,Payable,http://www.payable.com/,6/2014,,,2100000
,Collectly,http://collectly.co,1/2017,,,
,Akido Labs,https://www.akidolabs.com,1/2015,,,120000
,Zip Phone,http://www.zipphone.com,6/2014,,,
,Memebox,http://us.memebox.com,1/2014,,,229620000
,Rippling,https://www.rippling.com/,1/2017,,,7000000
,TAXA Biotechnologies,http://www.taxa.com,6/2014,,,909000
,MixerBox,http://www.mixerbox.com,1/2014,,,120000
,Sharethebus,https://www.bus.com/,1/2016,,,7411399
,Nova Credit,http://neednova.com/,6/2016,,,3420000
,Upcall,http://www.upcall.com,1/2017,,,2190000
,Symple,http://getsymple.com,1/2017,,,120000
,OSVehicle,https://www.osvehicle.com/france-aquinetic/,1/2016,,,
,Revl,http://www.revl.xyz,1/2016,,,
,Kickback,http://kickback.com/,1/2015,,,4120000
,Eivod,http://,6/2007,,,
,Nova,http://www.nova.ai/,1/2016,,,600000
,Quiki,https://www.askquiki.com,1/2017,,,
,Innov8,http://www.innov8.work/,6/2016,,,
,Bonfire,http://gobonfire.com/,1/2015,,,
,Scribe,http://www.tryscribe.com,1/2017,,,120000
,Color Dating,http://www.colordatingapp.com,6/2014,,,
,Coub,http://coub.com,6/2016,,,3620000
,Soomgo,https://soomgo.com,1/2017,,,592105
Exited,WorkLife,https://www.worklife.com,1/2015,,,2720000
,CareMessage,http://caremessage.org,1/2014,,,10700000
,Gradberry,http://www.gradberry.com,1/2015,,,120000
Dead,Flytenow,http://www.flytenow.com,6/2014,,,145000
,CareSkore,http://www.careskore.com,1/2016,,,4420000
,Techmate,https://jointechmate.com,6/2016,,,
,Oklo,http://oklo.com,6/2014,,,
,RoseRocket,http://www.roserocket.com/,6/2016,,,120000
,Bagaveev Corporation,http://bagaveev.com,1/2015,,,655000
,Spoil,http://spoil.co/app,1/2015,,,120000
,RigPlenish,http://www.rigplenish.com,6/2016,,,120000
,VINEBOX,http://www.getvinebox.com/,1/2016,,,120000
,CribSpot,https://www.cribspot.com/,1/2015,,,2927034
,Restocks,https://www.restocks.io/,1/2016,,,120000
,ReadMe,http://www.readme.io,1/2015,,,1120000
,DevColor,http://www.devcolor.org/,6/2016,,,120000
,Wifi.com.ng,http://wifi.com.ng/,1/2017,,,
,DoseDr,https://www.dosedr.com,1/2016,,,120000
,YC W15 Stealth - #106,,1/2015,,,
,SHRI,http://www.sanrights.org,1/2016,,,
,Hogaru,https://www.hogaru.com,1/2017,,,680000
,ShiftLabs,http://shiftlabs.com,1/2015,,,1219500
,MailTime,http://mailtime.com,1/2016,,,3211250
,Moltin,https://moltin.com,1/2015,,,2321891
,XIX.ai,http://xix.ai/,1/2017,,,
,Instavest,https://goinstavest.com/,1/2015,,,120000
,One Codex,https://onecodex.com/,6/2014,,,120000
,Taplytics,http://taplytics.com,1/2014,,,4800000
,Zenysis,http://www.zenysis.com/,1/2016,,,2800000
,Aptonomy,http://www.aptonomy.com/home,6/2016,,,120000
,Solugen,http://www.solugen.co/,1/2017,,,
,Bellabeat,http://www.bellabeat.com,1/2014,,,4519913
,Liftignighter,http://www.liftigniter.com/,1/2014,,,50000
,Eventgeek,http://www.eventgeek.com/,6/2016,,,120000
,Credy,https://www.credy.in/,1/2017,,,
,KidPass,https://kidpass.com/,1/2017,,,1200000
,STILT,http://www.stilt.co,1/2016,,,120000
,Dost Education,http://www.dosteducation.com,1/2017,,,
,Iron Ox,http://www.ironox.com/,1/2016,,,120000
,Flutterwave,https://flutterwave.com/#/?_k=x1mbmp,6/2016,,,170000
,MetricWire,http://metricwire.com,6/2014,,,120000
,Varden Labs,http://vardenlabs.com/,1/2016,,,4620000
,Validere,http://validere.com/,6/2016,,,3681037
,Abacus,http://abacus.com/,1/2014,,,3500000
,Zen99,https://www.tryzen99.com/,6/2014,,,2620000
Exited,Chariot,https://www.chariot.com,1/2015,,,3000000
,CodeNow,http://codenow.org,1/2014,,,
,SimpleCitizen,http://www.simplecitizen.com/,6/2016,,,820000
,Pakible,https://pakible.com,1/2015,,,240000
,LitHit,https://lithit.com/,1/2017,,,
,Outbound,https://outbound.io,1/2015,,,2070000
,Ohmygreen,http://www.ohmygreen.com,6/2016,,,120000
,PocketSuite,http://pocketsuite.io,1/2016,,,1595000
,Raptor Maps,http://www.raptormaps.com/,6/2016,,,120000
,SunFarmer,http://www.sunfarmer.org,1/2016,,,120000
,Yoshi,https://www.startyoshi.com/,6/2016,,,2220000
,Poppy,https://www.meetpoppy.com/,1/2016,,,120000
,Vote.org,https://www.vote.org/,6/2016,,,120000
,Token Transit,http://www.tokentransit.com/,1/2017,,,
Dead,ReSchedule,http://reschedulemed.com,1/2015,,,120000
,PatientBank,https://www.patientbank.us,6/2016,,,120000
,MTailor,http://mtailor.com,6/2014,,,2120000
,In Your Corner,http://www.inyourcorneronline.com,6/2014,,,120000
,Chatfuel,http://chatfuel.com/,1/2016,,,120000
,Humi,https://www.humi.ca,1/2017,,,
,TheMidGame,https://www.themidgame.com,1/2015,,,120000
,SOUNDBOKS,https://soundboks.com/,1/2016,,,120000
,Beep,http://www.beepnetworks.com,6/2014,,,4000000
,Move Loot,http://moveloot.com,1/2014,,,21800000
,Streamup,https://streamup.com,1/2016,,,1930000
,Smarking,http://smarking.net,1/2015,,,3000000
Exited,Raven Tech,http://www.raventech.com/,1/2015,,,18120000
,RankScience,https://www.rankscience.com/,1/2017,,,125000
,Arthena,http://arthena.com,1/2017,,,1200000
,Booktrope,http://booktrope.com,1/2015,,,2270000
,VOIQ,http://www.voiq.com,6/2015,,,2345000
,UserGems,https://www.usergems.com,6/2014,,,
,Transcriptic,http://www.transcriptic.com,1/2015,,,27770000
,Shred Video,http://shredvideo.com/,6/2015,,,
,Heroic Labs,https://heroiclabs.com,6/2015,,,120000
,Piinpoint,http://www.piinpoint.com,1/2014,,,
,Seva Coffee,http://www.sevacoffee.com/,6/2015,,,28000
,Menty,http://www.menty.org,6/2015,,,
,MetricBoy,http://www.metricboy.com,6/2015,,,
,Cloudstitch,http://cloudstitch.io,6/2015,,,
,Eight,http://eightsleep.com,6/2015,,,11620000
,jEugene,https://jeugene.com/,6/2015,,,120000
,Klarismo,http://www.klarismo.com/,6/2015,,,2487070
,InnerSpace,http://www.helloinnerspace.org/,6/2015,,,
,DeepGram,https://www.deepgram.com/,1/2016,,,1920000
,teaBOT,http://www.teabot.com/,6/2015,,,
,Konsus,http://www.konsus.com,1/2016,,,1620000
,Vernox Labs,https://www.vernox.io,6/2015,,,120000
,Cambly,http://cambly.com,1/2014,,,2204365
,Traversal Networks,http://traversalnetworks.com/,6/2015,,,120000
,Pachyderm,https://www.pachyderm.io/,1/2015,,,2120000
,Zeplin,http://zeplin.io,6/2015,,,1340560
,Tesorio,https://www.tesorio.com/,6/2015,,,
,GitPrime,https://gitprime.com,1/2016,,,2037330
,Pomello,https://www.pomello.com/,1/2015,,,156000
,Hykso,http://www.hykso.com,1/2016,,,120000
,GO1,http://www.go1.com,6/2015,,,3713944
,Smyte,https://www.smyte.com/,6/2015,,,6250000
,Bistrobot,http://bistrobot.com,6/2015,,,
,InnoVein,http://www.innoveinmedical.com/,1/2016,,,120000
Exited,Sphere Secure Workplace,http://www.sphere.works,6/2015,,,142266
,Trackin,http://trackin.co/,1/2015,,,120000
,Bankjoy,https://bankjoy.com/,1/2015,,,120000
,VetPronto,http://vetpronto.com/,1/2015,,,1340000
,YesGraph,https://www.yesgraph.com,6/2016,,,2420000
,Click & Grow,http://www.clickandgrow.com,6/2015,,,6922029
,Breakout Room,https://breakoutroom.co/,6/2015,,,
,OnboardIQ,http://www.onboardiq.com,6/2015,,,3300000
,Drip Capital,https://www.dripcapital.com/,6/2015,,,120000
,Auro Robotics,http://www.auro.ai,6/2015,,,2100000
,YC S14 Stealth - #84,None,6/2014,,,
,LogDNA,https://logdna.com/,1/2015,,,1300000
,Roomblocker,http://www.roomblocker.com,6/2015,,,120000
,Cover,http://www.usecover.com/,1/2016,,,120000
,YC W14 Stealth - #74,http://,1/2014,,,
,Tule,https://www.tuletechnologies.com/,6/2014,,,
,Algolia,https://www.algolia.com,1/2014,,,22220043
,BlockScore,http://blockscore.com,6/2014,,,2025000
,Looklive,http://www.looklive.com,6/2016,,,2349331
Exited,Spark Gift,http://sparkgift.com,1/2015,,,120000
,YC W12 Stealth - #65,http://,1/2012,,,
,Kisan Network,http://www.kisannetwork.com,1/2016,,,
,Sendwithus,https://www.sendwithus.com,1/2014,,,2300000
,Treeline,https://sailsjs.com/about,1/2015,,,170000
,Impraise,http://www.impraise.com,6/2014,,,1704666
,AdThrow,http://,6/2009,,,
,IQBoxy,https://www.iqboxy.com/,1/2017,,,
,SmartAlto,http://www.smartalto.com/,1/2017,,,
,Ravti,https://www.ravti.com/,6/2014,,,120000
,Chargehound,https://www.chargehound.com,1/2014,,,
,RoboHR,http://,6/2009,,,
,DocTalk,http://www.getdoctalk.com/,1/2017,,,2600000
,AptDeco,http://www.aptdeco.com,1/2014,,,2515000
,Focal Systems,http://www.focal.systems,1/2016,,,
,Weave Communications,http://www.getweave.com,1/2014,,,20500000
,Sliced Investing,http://www.slicedinvesting.com/,6/2014,,,2000000
,YC W15 Stealth - #108,,1/2015,,,
,Boxouse,https://boxouse.com/,1/2017,,,
,Snapdocs,http://www.snapdocs.com,1/2014,,,3000000
,Bikanta,http://bikanta.com/,6/2014,,,1700000
,Vidpresso,http://www.vidpresso.com,1/2014,,,
,ClearTax,http://cleartax.in/,6/2014,,,15420000
,Lumi,https://www.lumi.com/,1/2015,,,388000
,Simple Habit,https://www.simplehabit.com/,1/2017,,,
Exited,Fixed,https://www.fixedlaw.com,6/2014,,,3750000
,Helion Energy,http://www.helionenergy.com/,6/2014,,,12114202
,Tovala,http://www.tovala.com,1/2016,,,2355603
Exited,Unwind Me,https://unwind.me,6/2014,,,
,BitAccess,http://www.bitaccess.co,6/2014,,,11000000
,StyleBee,http://stylebee.com,1/2016,,,1120000
,Burrow,https://hiburrow.com/,6/2016,,,120000
,Terark,https://terark.com,1/2017,,,
,Multiply Labs,https://www.multiplylabs.com/,6/2016,,,120000
,Squire,http://getsquire.com,6/2016,,,120000
,Edyn,http://www.edyn.com/,1/2014,,,2970000
,Kangpe,https://www.kangpe.com/,1/2017,,,
Exited,Eventjoy,http://eventjoy.com,1/2014,,,
Exited,ProductHunt,http://www.producthunt.com,6/2014,20000000,,7540000
Exited,Rescue Forensics,http://www.rescueforensics.com/,1/2015,,,245000
,Theorem LP,http://theoremlp.com,1/2014,,,
,ServX,http://servx.in,1/2017,,,
,YC W14 Stealth - #73,http://,1/2014,,,
,BloomAPI,https://www.bloomapi.com/,1/2017,,,
,Zenamins,http://zenamins.com/,6/2014,,,120000
Dead,Zinc,http://zincsave.com,1/2014,,,
,Lully,http://www.lullysleep.com/,1/2015,,,2100000
,LeadFinch,https://leadfinch.com,6/2014,,,
,Upkeep Maintenance Management,http://www.onupkeep.com/,1/2017,,,120000
,Airo Health,http://www.getairo.com,6/2016,,,
,Backpack,https://backpackbang.com,6/2014,,,120000
,Gecko Robotics,http://www.geckorobotics.com/,1/2016,,,120000
,Neptune.io,http://www.neptune.io,6/2014,,,120000
,20n,http://20n.com/,1/2015,,,2220000
,Doblet,http://doblet.com,6/2014,,,1420000
,Xberts,https://www.xberts.com/,6/2016,,,120000
,TerrAvion,http://www.terravion.com,1/2014,,,10000000
,LendEDU,http://www.lendedu.com,1/2016,,,140000
,Flexport,https://www.flexport.com/,1/2014,,,94000000
,Airfordable,http://www.airfordable.com/,6/2016,,,120000
,Permutive,http://permutive.com/,6/2014,,,1409067
,Deako,https://www.deako.com/,1/2016,,,6790000
,Exponent,https://www.expo.io,6/2016,,,120000
,Haywheel,http://haywheel.com,6/2016,,,120000
,GoGoGrandparent,https://www.gogograndparent.com/,6/2016,,,120000
,Function of Beauty,https://functionofbeauty.com/,1/2016,,,9620000
,Hivy,http://hivyapp.com/,1/2017,,,
,Remix,https://www.remix.com/,1/2015,,,120000
,Bulk MRO,https://www.bulkmro.com/,1/2017,,,
,ZeroMailer,http://zeromailer.com,6/2012,,,
,Cartcam,https://www.cartcam.com/,1/2017,,,
,Tech in Asia,http://www.techlist.asia/,1/2015,,,
,Yumbin,http://,1/2014,,,
,Peer5,http://peer5.com,1/2017,,,1000000
,Diassess,http://www.diassess.com,1/2015,,,120000
,Shoobs,http://shoobs.com,1/2014,,,94000
,Ridejoy,http://,6/2011,,,
,Alchemy,http://www.alchemynano.com,6/2014,,,
,HauteDay,http://hauteday.com/,6/2014,,,120000
,Vizera Labs,http://www.vizeralabs.com/,6/2014,,,120000
,Penny,https://www.pennyapp.io,1/2017,,,1200000
,CloudMedX,http://www.cloudmedxhealth.com,1/2015,,,6600000
,PicnicHealth,https://picnichealth.com/,6/2014,,,2120000
,Rocketrip,http://www.rocketrip.com,1/2014,,,17175000
,StackLead,https://stacklead.com,1/2014,,,
,Rezi,https://www.rentrezi.com/,1/2017,,,
,Flynn,https://flynn.io/,6/2014,,,1405000
,MerryMint,http://www.merrymint.co/,1/2014,,,120000
,WaystoCap,https://www.waystocap.com/,1/2017,,,
,Drive Motors,https://drivemotors.com/,1/2016,,,1500000
,Ginko Bioworks,http://ginkgobioworks.com/,6/2014,,,154120000
,Legalist,https://www.legalist.us/,6/2016,,,120000
,Sycamore,https://www.mysycamore.com/,1/2017,,,
,Vinsight,http://www.vinsight.co,1/2017,,,
,Chitter,http://trychitter.com/,1/2016,,,120000
Exited,Redspread,https://redspread.com/,1/2016,,,240000
,GiveMeTap,http://www.givemetap.com,1/2015,,,120000
,InsiteVR,https://www.insitevr.com/,1/2015,,,1500000
,Nurx,http://nurx.co,1/2016,,,5420000
,Voodoo Manufacturing,https://www.voodoomfg.com/,1/2017,,,1650000
,Upgraded,http://www.upgraded.io/,6/2016,,,120000
,Clover Intelligence,https://voiceops.com,1/2017,,,
,Joy,https://withjoy.com/,6/2016,,,4620000
Exited,Kimono,https://www.kimonolabs.com/,1/2014,,,5000000
,MashGin,http://www.mashgin.com,1/2015,,,620000
,Wright Electric,https://weflywright.com,1/2017,,,
,Indee,http://indeelabs.com/,1/2017,,,
,Craft Coffee,https://www.craftcoffee.com,6/2014,,,320000
,Simbi,https://simbi.com/,6/2016,,,1200000
,Fibo,https://www.fiboapp.com/,1/2017,,,
,Shout,http://UseShout.com,6/2014,,,120000
,Dealyze,http://dealyze.com/,1/2015,,,120000
,AirHelp,http://www.airhelp.com,1/2014,,,16700000
,Checkr,https://checkr.com/,6/2014,,,49120000
,Castle.io,https://castle.io,1/2016,,,2360000
,Fabric,http://fabric.me/,6/2016,,,120000
,Cheddar,http://cheddar.io,6/2014,,,
,The Human Utility,https://www.detroitwaterproject.org/,1/2015,,,100000
,Women Who Code,https://www.womenwhocode.com,6/2016,,,
,Souper,http://www.souper.me,6/2009,,,
,Beek,https://www.beek.io/,1/2017,,,125000
,Scaphold.io,https://www.scaphold.io,1/2017,,,165000
,SIRUM,https://sirum.org/,1/2015,,,120000
,San Francisco Open Exchange,https://www.sfox.com/,6/2014,,,120000
,FloydHub,https://www.floydhub.com,1/2017,,,
,Metapacket,http://metapacket.com/,6/2016,,,120000
,Nightingale,http://www.nightingaleapp.com,6/2014,,,780000
,TrueVault,https://www.truevault.com,1/2014,,,2500000
Exited,Cruise,http://www.getcruise.com,1/2014,1000000000,,18800000
,Goodybag,http://goodybag.com,1/2016,,,1420000
Dead,Omniref,http://www.omniref.com,1/2015,,,120000
,Spire,http://spire.io,1/2015,,,10220000
,Zidisha,http://www.zidisha.org,1/2014,,,
,Guesty,http://guesty.com,1/2014,,,1500000
,Flaviar,http://flaviar.com,6/2014,,,514640
,Airmada,http://www.airmada.com/,1/2016,,,120000
,JustRide,http://justride.in/,6/2016,,,6400000
,Origin,http://eatorigin.com/,1/2017,,,
,PetCube,http://petcube.com,1/2016,,,7761000
,Direct Match,http://www.directmatch.com,1/2015,,,9000000
,Shypmate,http://www.shypmate.com/,1/2016,,,120000
,Zestful,http://zestful.com,1/2017,,,
,BuildScience,http://buildscience.com/,1/2015,,,120000
,Paid,http://paidlabs.com/,6/2014,,,120000
,Rappi,http://www.rappi.com,1/2016,,,10940000
,BillForward,None,6/2014,,,
,Speak,http://usespeakeasy.com,1/2017,,,
,uBiome,http://ubiome.com,6/2014,,,26971193
,Unbabel,http://unbabel.com,1/2014,,,8000000
,YC W14 Stealth - #72,http://,1/2014,,,
,Wakie,http://wakie.com,1/2016,,,3000000
,Sourcery,http://getsourcery.com/,1/2013,,,10952000
,Breaker,https://breaker.audio,1/2017,,,
,New Incentives,http://www.newincentives.org/,6/2016,,,120000
,Volans-i,http://www.volans-i.com,1/2017,,,
,Noora Health,http://www.noorahealth.org,1/2014,,,
,Buypower,https://www.buypower.ng/,1/2017,,,
Exited,Framed Data,http://www.framed.io,1/2014,,,2000000
,Kuna Systems,http://www.getkuna.com,1/2014,,,120000
,Polymail,http://polymail.io,6/2016,,,820000
,AON3D,https://aon3d.com,1/2017,,,
,Bicycle AI,http://bicycleai.com/,1/2017,,,
,ConstructVR,https://www.constructvr.io/,6/2016,,,120000
,Outschool,https://outschool.com/,1/2016,,,120000
,Pantheon,http://www.pantheonvr.com,1/2017,,,
,Acre Designs,http://www.acredesigns.com,1/2016,,,120000
,Emote,http://www.emotenow.com/,6/2016,,,120000
,Automate Ads,http://automateads.com,1/2015,,,1000000
Exited,Bop.fm,http://www.bop.fm,6/2013,,,2000000
,Final,http://www.getfinal.com,1/2015,,,9100000
,Magic Bus,https://www.magicbus.io/,1/2016,,,120000
,Sixa,https://sixa.io,6/2016,,,3761854
,Stackq,http://,6/2009,,,
,Rigetti Computing,http://www.rigetti.com/,6/2014,,,69200000
,Gobble,http://gobble.com,1/2014,,,14823000
,Hive,https://www.hive.co,6/2014,,,120000
,Kudi,https://kudi.ai/,1/2017,,,
,Orankl,http://www.orankl.com,1/2014,,,201267
,YC W11 Stealth - #44,http://,1/2011,,,
,DELEE,https://www.delee.live/,1/2017,,,
,Meadow,https://getmeadow.com/,1/2015,,,2220000
,TARA,https://www.tara.ai/,1/2015,,,
,Iris Automations,http://www.irisonboard.com,6/2016,,,2000000
,SmartHires,http://www.smarthires.io,1/2015,,,120000
,Movebutter,http://www.movebutter.com,1/2017,,,
,Armory,http://www.armory.io/,1/2017,,,
,Aella Credit,https://www.aellacredit.com,1/2017,,,
,The Athletic,https://theathletic.com/,6/2016,,,2300000
,Kash,http://withkash.com/,6/2014,,,2000000
,Tenjin,http://tenjin.io/,6/2014,,,2620000
,SnapEDA,http://www.snapeda.com,1/2016,,,120000
,Flex,http://www.flexfits.com,6/2016,,,4120000
,Skymind,http://www.skymind.io,1/2016,,,3320000
,Playment,https://playment.io/,1/2017,,,870000
,MessageBird,https://www.messagebird.com/,6/2016,,,120000
,Stitch,https://www.teamstitch.com,1/2016,,,120000
,Drive Pulse,http://,1/2014,,,
,ZeroDB,https://nucypher.com/,6/2016,,,
,Dating Ring,http://www.datingring.com,1/2014,,,
,NexTravel,https://www.nextravel.com,1/2015,,,120000
,SmartPath,http://smartpathfinancial.com/,6/2016,,,120000
,WayUp,https://www.wayup.com,1/2015,,,27468000
,Cowlar,http://www.cowlar.com,1/2017,,,50000
,Pigeonly,http://www.pigeon.ly,1/2015,,,5089999
,Zesty,http://www.zesty.co.uk,1/2014,,,9200000
,Parenthoods,http://parenthoods.com/,6/2014,,,1320000
Dead,HoverChat,http://hoverchat.com,1/2014,,,
,Walksource,http://www.roomstorm.com,6/2014,,,1300000
,HyperPad,https://www.hyperpad.com,6/2014,,,140000
,Razorpay,https://razorpay.com/,1/2015,,,11600000
,Trainzen,http://,1/2013,,,
,Paystack,https://www.paystack.co,1/2016,,,
,Bitrise,http://www.bitrise.io/,1/2017,,,316960
,YC W11 Stealth - #45,http://,1/2011,,,
,Skip,http://www.skip.it/,1/2013,,,
,Amberbox,http://amberbox.com/,6/2016,,,120000
,Paragon One,http://www.paragonone.com/,1/2017,,,
,Neema,http://www.getneema.com/,1/2017,,,
,Rickshaw,https://gorickshaw.com,1/2014,,,
,Bayes Impact,http://www.bayesimpact.org,6/2014,,,120000
,Vatler,http://www.vatler.com/,6/2014,,,120000
,CodeCombat,http://codecombat.com,1/2014,,,2100000
,Toymail,http://www.toymail.co,1/2016,,,1620000
,Effective Altruism,https://www.effectivealtruism.org/,1/2017,,,
,ShipBob,http://www.shipbob.com/,6/2014,,,5020000
,Vize Software,http://www.vize.io,1/2017,,,989367
,MadeSolid,https://madesolid.com,1/2014,,,
,PipelineDB,https://www.pipelinedb.com,1/2014,,,
,Shift Payments,https://shiftpayments.com/,6/2014,,,2200000
,ZowPow,http://zowpow.com,1/2014,,,
,Skylights,http://www.skylights.aero/,6/2016,,,1300000
,Magic Instruments,https://magicinstruments.com/,1/2016,,,1970000
,Front,http://frontapp.com,6/2014,,,13250000
,Roost,http://roost.me/,6/2014,,,710000
,Owners Circle,http://,6/2014,,,
,Pushmarket,None,1/2015,,,
,PersistIQ,http://persistiq.com/,6/2014,,,1820000
,Nomiku,http://www.nomiku.com,1/2015,,,145000
,Bannerman,http://bannerman.com,6/2014,,,120000
,YC S10 Stealth - #36,http://,6/2010,,,
,Tress,https://www.tressapp.co,1/2017,,,
,Level,https://www.levelframes.com/,1/2015,,,120000
,Volt Health,https://www.volthealth.com/,1/2017,,,
,Priime,http://priime.com,1/2015,,,120000
,Snappr,http://www.snappr.co,1/2017,,,500000
,Birdly,http://www.getbirdly.com,1/2016,,,120000
Dead,Sywork,https://sywork.tv,6/2015,,,120000
,Payable,http://www.payable.com/,6/2014,,,2100000
Exited,Vest,https://www.vestfin.com/,1/2015,,,1470000
,Instant eSports,http://instantesports.com,6/2015,,,2130000
,New Story Charity,http://newstorycharity.org,6/2015,,,200000
,Assembly,https://assembly.com,6/2015,,,
,Mux,https://mux.com,1/2016,,,11920000
,Plate Joy,http://platejoy.com,6/2015,,,1700000
,BlueSmart,http://bluesmart.com,1/2015,,,29500000
,ScopeAR,http://ScopeAR.com/,6/2015,,,2120000
,Afrostream,https://afrostream.tv/,6/2015,,,
,FortAwesome,https://fortawesome.com/,6/2015,,,
,Livecoding.tv,https://www.livecoding.tv/,6/2015,,,
Exited,Paribus,https://paribus.co,6/2015,,,2220000
,Ironclad,https://www.ironcladapp.com/,6/2015,,,120000
,Mimir,https://mimirhq.com/,6/2015,,,1500000
,PlateIQ,http://plateiq.com/,6/2015,,,4500000
,Gravitational,http://gravitational.com/,6/2015,,,120000
,AlphaFlow,http://www.alphaflow.com/,1/2016,,,2280474
,Spinal Singularity,http://www.spinalsingularity.com/,1/2016,,,120000
,analyticsMD,http://www.qventus.com,1/2015,,,15120000
,Ledger Investing,https://ledgerinvesting.com,1/2017,,,140000
,Leada,https://www.teamleada.com,6/2015,,,120000
Exited,Wit.ai,https://www.wit.ai/,1/2014,,,3000000
,Foxpass,https://www.foxpass.com,6/2015,,,120000
,Get Scale,http://getscale.com,6/2015,,,
,Verge Genomics,http://www.vergegenomics.com/,6/2015,,,
,Monthli,http://www.monthli.com/,1/2016,,,120000
,Carlypso,http://www.carlypso.com,6/2014,,,1320000
,UpLabs,http://www.uplabs.com/,1/2016,,,120000
,Xfers,http://www.xfers.io,6/2015,,,2500000
,L. International,https://thisisl.com,6/2015,,,
,Underground Cellar,http://www.undergroundcellar.com,1/2015,,,1000000
,Locent,http://www.locent.com/,1/2016,,,1380000
,Vidcode,http://www.vidcode.io,6/2016,,,120000
,Index,http://www.index.io/,1/2016,,,120000
,SigOpt,https://sigopt.com/,1/2015,,,8720000
,Greentoe,http://www.greentoe.com,6/2014,,,1195000
,Yardbook,http://www.yardbook.com,1/2016,,,120000
,CoinTent,http://cointent.com,6/2016,,,1195000
,80000 Hours,https://80000hours.org/,6/2015,,,
,Livement,https://boletomovil.com,6/2016,,,120000
,Eight,http://eightsleep.com,6/2015,,,11620000
,Elucify,http://www.getelucify.com,1/2016,,,120000
,TL Biolabs,https://tlbiolabs.com,6/2016,,,4000000
,Wheelys Cafe,http://www.wheelyscafe.com/,6/2015,,,3443586
,Cofactor Genomics,http://cofactorgenomics.com,6/2015,,,2830000
,FirstHand,http://www.shopfirsthand.com/,1/2017,,,
,HigherMe,None,1/2015,,,1740000
,ROSS Intelligence,http://www.rossintelligence.com,6/2015,,,2120000
,iSono Health,http://www.isonohealth.com,1/2016,,,
,Zoomer,http://www.zoomerdelivery.com,6/2014,,,
,Atomwise,http://www.atomwise.com/,1/2015,,,6570000
,Chaldal,http://www.chaldal.com,6/2015,,,120000
,Vertical,http://vertical.ai,1/2015,,,120000
,Able Health,http://ablehealth.co,1/2016,,,
,Protocol Labs,http://ipn.io/,6/2014,,,25000
,Filp,http://www.justflip.com/,1/2015,,,120000
,Instabug,http://www.instabug.com,1/2016,,,2120000
,Two Tap,http://twotap.com,1/2014,,,2700000
,Niles,https://niles.ai,1/2017,,,
,Cinder,http://www.cindercooks.com,1/2015,,,496000
,The Mednet,https://www.themednet.org/,1/2017,,,
,YC W15 Stealth - #114,None,1/2015,,,
,Minuum,http://minuum.com,1/2014,,,500000
,Cambridge Bio-Augmentation Systems,http://www.cbas.global,1/2017,,,
,Interstate Analytics,https://interstateanalytics.com/,1/2016,,,120000
,MineralSoft,https://mineralsoft.com/,1/2016,,,120000
,Saleswhale,http://saleswhale.com,6/2016,,,1200000
,OneChronos,https://www.onechronos.com,6/2016,,,120000
,Immunity Project,http://www.immunityproject.org,1/2014,,,1120000
,BulldozAIR,http://www.bulldozair.com/,6/2016,,,1234846
,YC W15 Stealth - #113,None,1/2015,,,
,Unima,http://www.unima.com.mx,1/2016,,,1300000
,GTrack Technologies,http://www.gtracktechnologies.com/,6/2016,,,120000
,Loop Genomics,http://www.loopgenomics.com/,1/2016,,,120000
,Standard Cyborg,http://standardcyborg.com,1/2015,,,120000
,Vetcove,https://www.vetcove.com/,6/2016,,,120000
,Suiteness,http://www.suiteness.com,6/2016,,,6120000
,OpenTrons,http://www.opentrons.com/,1/2016,,,25000
,Tetra,https://asktetra.com/,1/2017,,,
,Next Caller,http://nextcaller.com,1/2014,,,
,GroupAhead,http://groupahead.com/,1/2015,,,875000
,UPower,http://www.upowertech.com,6/2014,,,170000
,ReturnBase,https://returnbase.com,1/2017,,,
,Curtsy,http://www.curtsyapp.com/,6/2016,,,120000
,YC W15 Stealth - #107,,1/2015,,,
,Fiix,https://www.fiix.io,1/2017,,,
,Reduced Energy Microsystems (REM),http://remicro.com/,1/2016,,,120000
,Apozy,https://www.apozy.com,1/2017,,,1550000
,Boom,http://boomsupersonic.com/,1/2016,,,35240000
,UnnyWorld,http://www.unnyhog.com,1/2016,,,120000
,Shift Messenger,http://www.shiftmessenger.com/,1/2015,,,1620000
,HistoWiz,http://histowiz.com/,1/2016,,,1714514
,Supr Daily,http://www.suprdaily.com/,1/2017,,,120000
,Whyd,https://whyd.com,6/2016,,,820000
,Tolemi,http://www.tolemi.com/,1/2017,,,
,Spot Angels,http://www.spotangels.com,6/2014,,,
,CrowdAI,http://crowdai.com/,6/2016,,,2120000
,lvl5,http://lvl5.ai/,1/2017,,,
,Luka,https://luka.ai/,1/2015,,,4540000
,TradeBlock,http://tradeblock.com,1/2014,,,2800000
,X-Zell,http://www.x-zell.com/,1/2016,,,120000
,Starcity,https://joinstarcity.com/,6/2016,,,120000
,Roomstorm,http://www.roomstorm.com,6/2014,,,1300000
,RocketLit,http://www.rocketlit.com/,6/2016,,,120000
,Wink Health,https://winkhealth.com,6/2015,,,120000
,Enflux,http://www.getenflux.com,1/2016,,,
,ThinAir,http://thinair.com,1/2015,,,
,Circle Medical,http://circlemedical.com/,6/2015,,,2900000
Dead,HaloLife,https://halolife.com/,1/2016,,,120000
,Luminostics,http://www.luminostics.com,6/2016,,,120000
,Sinovia Technologies,https://www.sinoviatech.com,1/2017,,,
,Emburse,http://www.emburse.com/,1/2016,,,120000
,Silver,http://www.scansilver.com/,1/2016,,,120000
,Sandbox,http://www.sandboxbanking.com/,1/2017,,,
,Notable Labs,http://www.notablelabs.com,1/2015,,,4488500
,Msg.ai,http://msg.ai,1/2016,,,2700000
,Paperspace,http://www.paperspace.io,1/2015,,,11428000
,Open Listings,https://www.openlistings.com,1/2015,,,1000000
,Naytev,https://www.naytev.com,6/2014,,,1420000
,Gigwell,http://www.gigwell.com,1/2016,,,1770000
,Mentat,http://www.thementat.com/,6/2016,,,120000
,Motionlead,http://motionlead.com,1/2014,,,
,Elemeno Health,http://www.elemenohealth.com/,6/2016,,,120000
,Mere Coffee,http://www.merecoffee.com/,1/2017,,,
,Mason America,http://www.bymason.com,1/2016,,,120000
,Riley,https://getrileynow.com/,1/2017,,,3100000
,Pluot,https://pluot.co/,1/2016,,,2620000
,Fellow,https://joinfellow.com/,6/2016,,,120000
,GitLab,http://about.gitlab.com,1/2015,,,25620000
,Georgette Packaging,http://www.georgettepackaging.com/,1/2016,,,120000
,Instrumentl,https://www.instrumentl.com/,6/2016,,,120000
,TeamNote,http://www.teamnoteapp.com/,1/2015,,,161250
,People.ai,https://people.ai/,6/2016,,,120000
,Transcend Lighting,http://www.transcendlighting.com/,6/2015,,,1100000
,ZenProspect,https://www.zenprospect.com/,1/2016,,,2320000
,Scale,http://scaleapi.com,6/2016,,,120000
,SendBird,https://sendbird.com,1/2016,,,120000
,Seneca Systems,http://seneca.systems/,6/2016,,,120000
,NetBeez,http://netbeez.net,1/2016,,,1045000
,Lollicam,http://lollic.am,6/2016,,,2000000
,No Lean Season,http://www.noleanseason.org/,1/2017,,,
,Valor Water Analytics,https://valorwater.com/,1/2015,,,2840000
,Trade,http://www.tradeghana.co/,1/2017,,,100000
,YC W15 Stealth - #110,None,1/2015,,,
,Pushbullet,http://www.pushbullet.com,1/2014,,,1500000
,GetAccept,https://www.getaccept.com,1/2016,,,120000
,Women.com,https://www.women.com,6/2014,,,1750000
,Convox,http://convox.com/,6/2015,,,1300000
,KickPay,http://kickpay.com,1/2015,,,120000
Exited,Bizzy.io,http://bizzy.io,6/2015,,,120000
,Eden,http://edentech.co,6/2015,,,
,Povio,http://pov.io,1/2014,,,75000
Exited,Vest,https://www.vestfin.com/,6/2015,,,1470000
,BlueCrew,https://www.bluecrewjobs.com/,6/2015,,,3220000
,Open Invest,https://www.openinvest.co/,6/2015,,,500000
,Protonet,http://www.protonet.info/en,1/2016,,,7654742
,Xendit,http://www.xendit.co,6/2015,,,120000
,Copia,https://www.GoCopia.com/,1/2016,,,140000
,MicroHealth,https://microhealth.com/,6/2015,,,120000
,BlockSpring,https://www.blockspring.com/,6/2014,,,3520000
,Giveffect,https://www.giveffect.com/,1/2015,,,120000
,Call9,http://callnine.com,6/2015,,,
,Give Campus,https://www.givecampus.com/,6/2015,,,120000
,ShapeScale,http://www.shapescale.com/,6/2015,,,
,Luminist,http://luministlabs.com,1/2016,,,150000
,Lynks,https://www.lynks.com/,1/2016,,,240000
,Hickory,http://hickorytraining.com,6/2015,,,
,Bodyport,http://www.bodyport.com,6/2015,,,120000
,Willing,http://willing.com/,6/2015,,,7120000
,zPredicta,http://zpredicta.com,6/2015,,,120000
,Pretty Instant,http://prettyinstant.com,1/2015,,,120000
,GrowSumo,https://www.GrowSumo.com,6/2015,,,120000
,RedCarpetUp,https://www.redcarpetup.com/,6/2015,,,2620000
,One Degree,http://www.1deg.org,1/2014,,,1700000
,Lugg,http://lu.gg,6/2015,,,
,Cymmetria,http://www.cymmetria.com/,6/2015,,,10600000
,Her,https://weareher.com/,6/2015,,,1994645
,Magic,https://www.getmagic.com/,1/2015,,,12120000
,YC S14 Stealth - #85,None,6/2014,,,
,YC W15 Stealth - #111,None,1/2015,,,
,PickTrace,http://picktrace.com,6/2015,,,