State,CompanyName,Website & Crunchbase links,Cohort Date,Exit Value,Name1,Funding
Exited,Rapportive,http://rapportive.com,6/2010,"$          15,000,000",H,"$           1,000,000"
Exited,Snipshot,http://snipshot.com,1/2006,,,
,Clustrix,http://www.clustrix.com,1/2006,,,"$          71,650,000"
Exited,Xobni,http://www.xobni.com,6/2006,"$          48,000,000",H,"$          41,752,000"
Dead,Kirkland North,http://www.playturf.net,1/2008,,,"$             225,000"
Dead,Voxli,https://voxli.com,1/2009,,,"$              15,000"
Exited,reMail,http://www.remail.com,1/2009,"$           3,000,000",L,
,Wattvision,http://wattvision.com,1/2009,,,
,DirectedEdge,http://www.directededge.com,6/2009,,,"$              15,000"
Exited,Flightcaster,http://www.flightcaster.com,6/2009,"$          15,000,000",L,"$           1,300,000"
Dead,CarWoo,http://a9car.com/,6/2009,,,"$          10,850,000"
Exited,Data Marketplace,http://www.datamarketplace.com,1/2010,"$             600,000",L,
,Browsarity,http://www.browsarity.com,1/2010,,,
Exited,FanVibe,http://fanvibe.com,6/2010,"$           2,000,000",L,
Dead,HireHive,http://hirehive.com,6/2010,,,
,HelloSign,http://www.hellofax.com,1/2011,,,
,Tumult,http://tumult.com,1/2011,,,
,PayDragon,http://paydragon.com,6/2011,,,
,EveryMe,https://everyme.com/,6/2011,,,"$           5,163,408"
,Quartzy,http://www.quartzy.com,6/2011,,,"$          22,200,000"
,HackerRank,http://hackerrank.com,6/2011,,,"$          24,199,995"
,HireArt,http://www.hireart.com,1/2012,,,"$           1,400,000"
Exited,Authy,http://www.authy.com,1/2012,,,"$           3,067,000"
Exited,Reddit,http://www.reddit.com,6/2005,"$          20,000,000",M,"$          50,100,000"
,Simmery,None,6/2005,,,
Exited,Parakey,http://www.parakey.com,6/2005,"$           5,000,000",L,
,Buxfer,http://www.buxfer.com,1/2007,,,"$             315,000"
Dead,YumDots,http://yumdots.com,1/2008,,,
Dead,Frogmetrics,http://frogmetrics.com,6/2008,,,
Exited,Heyzap,http://www.heyzap.com,1/2009,"$          45,000,000",,"$           7,995,000"
Dead,NudgePad,http://nudgepad.com,6/2009,,,
,Optimizely,http://optimizely.com,1/2010,,,"$         146,200,000"
,Indinero,http://indinero.com,6/2010,,,"$          12,041,526"
Exited,Whereoscope,http://Whereoscope.com,6/2010,,,
,I Move You,None,6/2010,,,
Exited,Fridge,http://www.frid.ge,6/2010,"$           3,000,000",L,"$              80,000"
,Simperium,http://simplenoteapp.com,6/2010,,,
Exited,Gantto,http://gantto.com,6/2010,,,
,AnyList,http://www.anylistapp.com,6/2010,,,
,Giftrocket,http://www.giftrocket.com,1/2011,,,
,Graffiti Labs,http://playbuildy.com,6/2011,,,
,Zigfu,http://zigfu.com,6/2011,,,
Exited,Glassmap,http://www.glassmap.com,6/2011,"$           2,000,000",L,
,Dealupa,http://dealupa.com,1/2012,,,
,Brace,http://www.backlift.com,1/2012,,,
,Mattermark,http://mattermark.com,6/2012,,,"$          17,200,000"
,Coinbase,https://www.coinbase.com,6/2012,,,"$         117,209,590"
,Plivo,http://www.plivo.com,6/2012,,,"$           1,750,000"
Dead,Writewith,http://writewith.com,1/2007,,,
Exited,Twitch,http://www.twitch.tv,1/2007,"$         970,000,000",H,"$          35,000,000"
,A Thinking Ape,http://www.chatterous.com,1/2008,,,
Exited,280 North,http://280north.com,1/2008,"$          20,000,000",H,"$             250,000"
Dead,Deluux,http://deluux.com,1/2008,,,
Dead,JobAlchemy,,6/2008,,,
,Listia,http://www.listia.com,6/2009,,,"$          11,165,000"
,Mixpanel,http://www.mixpanel.com,6/2009,,,"$          77,015,000"
Dead,Fithub,http://fithub.com,1/2010,,,
Exited,1000Memories,http://1000memories.com,6/2010,"$          15,000,000",L,"$           2,535,000"
,MessageParty,http://messageparty.com,6/2010,,,"$             275,000"
,Comprehend Systems,http://www.comprehend.com,1/2011,,,"$          45,696,000"
,Bridge,http://flotype.com/,1/2011,,,"$           1,400,000"
,Userfox,http://userfox.com,6/2011,,,
,Circuithub,http://circuithub.com,1/2012,,,
,Wufoo,http://wufoo.com,1/2006,"$          35,000,000",H,
Exited,ProjectWedding,http://www.projectwedding.com,1/2006,"$           4,000,000",L,
Dead,JamGlue,http://www.jamglue.com,6/2006,,,
Exited,Heysan,http://www.heysan.com,1/2007,"$           4,000,000",L,"$             875,000"
Exited,Zenter,None,1/2007,"$           4,000,000",L,"$              15,000"
Exited,Backtype,http://www.backtype.com,6/2008,"$           5,000,000",L,"$           1,315,000"
,AirBnb,http://airbnb.com,1/2009,,,"$       4,398,082,100"
,FanChatter,http://fanchatter.com,6/2009,,,"$              20,000"
,OwnLocal,http://www.ownlocal.com,1/2010,,,"$           3,447,000"
Exited,Mertado,http://www.mertado.com,1/2010,"$          10,000,000",L,"$           2,300,000"
Dead,Koduco,http://www.Koduco.com,6/2010,,,
,AppHarbor,http://appharbor.com,1/2011,,,
,Siasto,http://siasto.com,1/2011,,,"$             750,000"
Exited,Earbits,http://www.earbits.com,1/2011,,,"$             630,000"
,MemSQL,http://www.memsql.com,1/2011,,,"$          78,100,000"
Dead,Zenbox,http://www.zenboxapp.com,6/2011,,,
,Videopixie,http://www.sellstage.com,6/2011,,,
,Hungry Labs,http://hungrylabs.com,6/2011,,,
,Coderwall,http://coderwall.com,1/2012,,,
,iCracked,http://www.icracked.com,1/2012,,,
,Shoptiques,http://shoptiques.com,1/2012,,,"$           2,000,000"
Exited,Auctomatic,http://auctomatic.com,1/2007,"$           5,000,000",H,"$             400,000"
Dead,iJigg,http://ijigg.com,6/2007,,,
,Ninite,http://ninite.com,1/2008,,,
Dead,PopCuts,http://www.popcuts.com,6/2008,,,
Dead,CO2Stats,http://co2stats.com,6/2008,,,
,Recurious,http://thesixtyone.com,1/2009,,,
,RentHop,https://www.renthop.com,6/2009,,,"$              25,000"
,Jobspice,http://www.jobspice.com,6/2009,,,
Exited,DailyBooth,http://dailybooth.com/,6/2009,"$          10,000,000",L,"$           7,015,000"
Dead,Wakemate,http://www.wakemate.com,6/2009,,,
,YC S09 Stealth - #25,http://,6/2009,,,
Dead,Notifo,http://notifo.com,1/2010,,,
,Creative Market,http://www.chromaom.com,1/2010,,,
Dead,Nowmov,http://nowbox.com,1/2010,,,
Exited,500Friends,http://www.500Friends.com,1/2010,,,"$          12,900,000"
Dead,OhLife,http://ohlife.com,6/2008,,,
Dead,Tapzilla,http://tapzilla.com,6/2010,,,
,Workflowy,http://workflowy.com,6/2010,,,
,YouGotListings,http://www.yougotlistings.com,1/2011,,,"$             150,000"
,MailGun,http://www.mailgun.net,1/2011,"$          30,000,000",L,"$          51,100,000"
,StoryWorth,https://www.storyworth.com,1/2011,,,"$             167,000"
Dead,Balanced,http://www.balancedpayments.com,1/2011,,,"$           3,550,000"
Exited,Kicksend,http://kicksend.com,6/2011,,,"$           2,800,000"
,Citus Data,https://www.citusdata.com,6/2011,,,"$          13,150,000"
,Clerky,http://www.clerky.com,6/2011,,,
,Imgix,https://www.imgix.com,6/2011,,,"$           7,164,000"
,The Muse,http://www.themuse.com/,1/2012,,,"$           7,316,522"
Dead,LVL6,http://www.lvl6.com,1/2012,,,
Dead,SlidePay,http://www.slidepay.com,1/2012,,,"$           2,100,000"
,Marft,http://marft.com,1/2012,,,
,Parallel Universe,http://paralleluniverse.co,6/2012,,,
,InklingMarkets,http://inklingmarkets.com,1/2006,,,"$              20,000"
,AudioBeta,None,1/2006,,,
Exited,Octopart,http://octopart.com,1/2007,,,"$             374,999"
Exited,Zecter,http://www.zecter.com,6/2007,"$          10,000,000",L,"$           2,515,000"
,Bountii,http://bountii.com,6/2007,,,"$              15,000"
Exited,Clickpass,http://www.clickpass.com,6/2007,"$           1,000,000",L,"$              20,000"
,Dropbox,http://www.dropbox.com,6/2007,,,"$       1,707,215,000"
Dead,MightyQuiz,http://mightyquiz.com,1/2008,,,
,Vidly / Fliggo,http://m.vid.ly,6/2008,,,"$             500,000"
,Propable,None,1/2009,,,
Dead,Tuxebo,http://www.tuxebo.co.uk,6/2009,,,
Exited,CardPool,http://www.cardpool.com,1/2010,"$          50,000,000",L,
,Zenedy,http://zenedy.com,1/2010,,,
Exited,ReadyForZero,https://www.readyforzero.com,6/2010,,,"$           4,777,000"
Dead,Opzi,http://opzi.com,6/2010,,,"$           1,015,000"
,Custora,https://www.custora.com/,1/2011,,,"$           6,500,000"
,Acunote,http://www.acunote.com,1/2011,,,
Exited,Snapjoy,http://snapjoy.com,6/2011,"$           5,000,000",L,
,B2Brev,None,6/2011,,,
Exited,Fobo,http://www.getyardsale.com,6/2011,,,
,Quad,http://thequad.com,6/2011,,,
Exited,Exec,http://iamexec.com,1/2012,,,"$           3,300,000"
,Swiftype,https://swiftype.com,1/2012,,,"$          22,200,000"
,MyVR,https://myvr.com,1/2012,,,"$           1,400,000"
,Glider,http://,1/2012,,,
Exited,Kiko,http://kiko.com,6/2005,"$             258,100",H,"$              50,000"
Dead,LikeBetter,None,6/2006,,,
,Scribd,http://scribd.com,6/2006,,,"$          47,762,000"
Dead,Fuzzwich,http://fuzzwich.com,6/2007,,,"$              15,000"
,ContestMachine,http://www.contestmachine.com,6/2007,,,
Dead,People and Pages,http://www.peopleandpages.com,6/2008,,,
,Foodoro,http://foodoro.com,1/2009,,,
Dead,Nambii,http://www.nambii.com,1/2009,,,
Exited,Zencoder,http://zencoder.com,1/2010,"$          30,000,000",H,"$           2,000,000"
Exited,FutureAdvisor,http://www.futureadvisor.com,6/2010,"$         150,000,000",,"$          21,500,000"
Exited,PadMapper,http://www.padmapper.com,6/2010,,,
Exited,Lanyrd,http://lanyrd.com,1/2011,,,"$           1,400,000"
Dead,Moki.TV,http://moki.tv,1/2011,,,
,MixRank,https://mixrank.com,6/2011,,,"$           2,000,000"
,Verbling,https://www.verbling.com,6/2011,,,"$           3,720,000"
,Tagstand,http://www.tagstand.com/,6/2011,,,"$           1,850,000"
,Sift Science,http://siftscience.com,6/2011,,,"$          53,600,000"
,Realm,http://realm.io/,6/2011,,,"$          29,000,000"
Exited,Embark,http://letsembark.com,6/2011,,,"$           1,000,000"
,Talkray,None,1/2012,,,
,BarSense,http://www.barsense.com/,1/2012,,,
Exited,Shopular,http://shopular.com,1/2012,,,"$          13,597,710"
,SolidStage,http://,1/2012,,,
Dead,Memamp,None,6/2005,,,
Dead,HelloChair,http://www.hellochair.com,6/2007,,,"$             889,999"
Exited,Anywhere.fm,http://www.anywhere.fm,6/2007,"$           2,000,000",H,"$              15,000"
Dead,SlapVid,http://slapvid.com,6/2007,,,
Exited,Omnisio,http://omnisio.com,1/2008,"$          15,000,000",H,
Dead,Socialbrowse,http://www.socialbrowse.com,1/2008,,,
,TeamApart,http://www.meetcast.com,6/2008,,,
,Picurio,http://picurio.com,1/2009,,,
,YC S09 Stealth - #24,http://,6/2009,,,
,Gamador,http://www.gamador.com,1/2010,,,
,Teevox,http://teevox.com,6/2010,,,
,Habit Labs,http://habitlabs.com,6/2010,,,"$             745,000"
Dead,Close.io,http://swipegood.com,1/2011,,,"$             500,000"
,Codecademy,http://www.codecademy.com,6/2011,,,"$          42,500,000"
Exited,Perfect Audience,http://perfectaudience.com,6/2011,"$          22,800,000",H,"$           2,460,000"
,Meteor,http://meteor.com,6/2011,,,"$          31,200,000"
,Segment.io,http://segment.com,6/2011,,,"$          44,720,000"
,Ark,http://www.ark.com,1/2012,,,"$           4,450,000"
,MakeSchool,http://www.makeschool.com,1/2012,,,
Dead,Flagr,http://flagr.com,1/2006,,,
Dead,SocialMoth,http://socialmoth.com,1/2007,,,
Dead,Tsumobi,http://tsumobi.com,1/2007,,,
Exited,Heroku,http://www.heroku.com,1/2008,"$         250,000,000",H,"$          13,020,000"
Dead,Wundrbar,http://wundrbar.com,1/2008,,,
Exited,Cue,http://www.cueup.com,1/2010,"$          50,000,000",H,"$           4,715,000"
Exited,Movity,http://www.movity.com,1/2010,"$          15,000,000",L,"$           1,300,000"
,Chart.io,http://chartio.com,6/2010,,,"$           6,770,000"
,TellFi,http://tellfi.com,1/2011,,,
,Noteleaf,http://noteleaf.com,1/2011,,,
Exited,Sendoid,http://sendoid.com,1/2011,"$           2,000,000",L,
"Dead
				Exited",Pebble Technology,https://www.pebble.com/,1/2011,"$          23,000,000",,"$          58,813,829"
,MarketBrief,http://marketbrief.com,6/2011,,,
,Aisle50,http://www.aisle50.com,6/2011,,,"$           5,200,000"
Exited,Launchpad Toys,http://launchpadtoys.com,6/2011,,,"$           1,117,000"
Exited,PageLever,http://www.primamici.si,6/2011,,,
Exited,Automatic,http://automatic.com,6/2011,"$         100,000,000",,"$          24,000,000"
,OneSignal,https://onesignal.com/,6/2011,,,"$           2,000,000"
,PlanGrid,http://www.plangrid.com,1/2012,,,"$          59,100,000"
"Dead
				Exited",HackPad,http://hackpad.com,1/2012,,,
,Amplitude,http://sonalight.com,1/2012,,,
Exited,FamilyLeaf,http://familyleaf.com,1/2012,,,"$             984,000"
,LendUp,http://www.lendup.com,1/2012,,,"$         361,500,000"
,LeanMarket,https://www.leanstartupmachine.com/,6/2012,,,"$             100,000"
,Talkito,None,6/2006,,,
,Disqus,http://www.disqus.com,6/2007,,,"$          10,500,000"
Exited,Appjet,http://appjet.com,6/2007,"$           9,000,000",L,"$             715,000"
,Machine Zone,http://www.mz.com,1/2008,,,"$         390,300,000"
Dead,Snaptalent,http://snaptalent.com,1/2008,,,
Dead,Picwing,http://www.picwing.com,6/2008,"$             100,000",L,
Dead,Youlicit,http://www.youlicit.com,6/2008,,,
,Volantio,http://adioso.com,1/2009,,,"$             355,000"
Dead,InstantQ,http://www.instantq.com,6/2009,,,
Exited,Lingt,http://www.lingt.com,6/2009,"$           3,000,000",L,
,WePay,http://go.wepay.com,6/2009,,,"$          74,150,000"
Exited,Etacts,http://www.etacts.com,1/2010,"$           3,000,000",L,"$             740,000"
Exited,Crocodoc,http://www.crocodoc.com,1/2010,,,
,Fabricly,http://www.dakotaplainsfabrication.com,1/2010,,,
,Stripe,http://stripe.com,6/2009,,,"$         440,000,000"
,E la Carte,http://elacarte.com,6/2010,,,"$          67,500,000"
Exited,Meetings.io,http://meetings.io,1/2010,"$           2,000,000",L,"$           1,800,000"
,Kaleidoscope,http://kaleidoscope.co.uk,1/2011,,,
Dead,TrustEgg,http://www.trustegg.com,1/2011,,,"$           1,150,000"
,Humble Bundle,https://www.humblebundle.com,1/2011,,,"$           4,480,000"
Exited,Compose,http://compose.io,6/2011,,,"$           6,417,000"
,Opez,http://www.opez.com,6/2011,,,
,LeadGenius,https://leadgenius.com,6/2011,,,"$          20,000,000"
,PicPlum,http://picplum.com,6/2011,,,
,Vidyard,http://vidyard.com,6/2011,,,"$          60,650,000"
,Dubjoy,http://dubjoy.com,6/2011,,,"$           1,600,000"
,AgileMD,http://www.agilemd.com,6/2011,,,"$           2,000,000"
,Pingm,http://,6/2011,,,
Exited,SocialCam,http://socialcam.com,1/2012,"$          60,000,000",H,
,Anyperk,http://fond.co,1/2012,,,"$          25,850,000"
Exited,Flutter,http://flutterapp.com,1/2012,"$          40,000,000",H,"$           1,400,000"
,Jellyfish Art,http://www.jellyfishart.com,1/2012,,,
Exited,Amiato,http://www.amiato.com,1/2012,,,"$           2,000,000"
,WireOver,http://www.wireover.com,1/2012,,,
,Tap To Learn,http://www.taptolearn.com,1/2012,,,
,FlightFox,http://flightfox.com,6/2012,,,"$             850,980"
,Clever,https://clever.com,6/2012,,,"$          46,320,000"
Dead,Thinkature,None,6/2006,,,
Dead,Whitenoise Networks,http://www.whitenoisenetworks.com,1/2007,,,
Exited,Cloudant,http://cloudant.com,6/2008,,,"$          18,250,000"
Dead,Biographicon,http://www.biographicon.com,6/2007,,,
Dead,Mixwit,http://mixwit.com,1/2008,,,
,Joberator,http://joberator.com,1/2008,,,
Exited,FathomDB,http://www.fathomdb.com,1/2008,,,
,Precognate,None,6/2008,,,
Dead,AwesomeHighlighter,http://www.awesomehighlighter.com,6/2008,,,
,Olark,https://www.olark.com,6/2009,,,
,Lockitron,http://lockitron.com,6/2009,,,"$           2,200,000"
Dead,NewsLabs,http://www.newslabs.com,1/2010,,,
Exited,Hipmunk,http://www.hipmunk.com,6/2010,"$          58,000,000",,"$          54,983,999"
,Talkable,https://www.talkable.com,1/2011,,,"$           1,200,000"
,MinoMonsters,http://www.mino-games.com/,1/2011,,,"$           4,868,000"
Exited,TalkBin,http://www.talkbin.com,1/2011,"$          15,000,000",L,
,YC W11 Stealth - #44,http://,1/2011,,,
,BridgeUs,http://,6/2011,"$           2,000,000",L,
Exited,Parse,http://parse.com,6/2011,"$          90,000,000",H,"$           7,000,000"
Dead,DebtEye,http://www.debteye.com,6/2011,,,
Exited,Cryptoseal,http://www.cryptoseal.com,6/2011,,,"$             280,000"
,Draft,http://draftin.com,6/2011,,,
,Chute,http://getchute.com,1/2012,,,"$          16,819,997"
Dead,EveryArt,http://everyart.com,1/2012,,,
,Medigram,https://medigram.com/,1/2012,,,
Exited,Tilt,http://www.tilt.com,1/2012,,,"$          67,100,000"
,FarmLogs,http://farmlogs.com,1/2012,,,"$          37,000,000"
,Infogami,http://infogami.co.uk,6/2005,,,
,Weebly,http://www.weebly.com,1/2007,,,"$          39,826,763"
,BlueFrogGaming,http://www.bluefroggaming.com,6/2007,,,
Exited,Bump,http://bu.mp,6/2009,"$          30,000,000",H,"$          19,900,000"
Dead,Infoharmoni,http://www.infoharmoni.com,1/2010,,,
Exited,AdGrok,http://adgrok.com,6/2010,"$          10,000,000",H,"$             470,000"
,GinzaMetrics,http://ginzametrics.com,6/2010,,,"$           1,714,000"
Exited,Leftronic,http://www.leftronic.com,6/2010,,,"$             500,000"
,Crowdbooster,http://crowdbooster.com,6/2010,,,
,AeroFS,http://www.aerofs.com,6/2010,,,"$          15,500,000"
,GOAT,https://dosuperb.com,1/2011,,,"$           9,360,573"
Exited,Tutorspree,http://www.tutorspree.com,1/2011,,,"$           1,800,000"
,Convore,http://convore.com,1/2011,,,
,Chirply,http://www.chirply.com,6/2010,,,"$           1,100,000"
,Hyperink,http://www.hyperink.com,1/2011,,,"$           1,200,000"
Exited,Rentobo,http://www.rentobo.com,6/2011,,,
,PayStack,http://,6/2011,,,
Dead,MineFold,http://minefold.com,1/2012,,,
,Priceonomics,http://priceonomics.com,1/2012,,,"$           1,670,000"
,Zillabyte,http://www.zillabyte.com,1/2012,,,"$           1,500,000"
,MatterPort,http://www.matterport.com,1/2012,,,"$          61,000,000"
,Gusto,https://gusto.com/,1/2012,,,"$         253,100,000"
,Per Vices,http://pervices.com,1/2012,,,
,Rescale,http://www.rescale.com,1/2012,,,"$          20,400,000"
,Medmonk,http://medmonk.com,1/2012,,,"$             150,177"
,JumpChat,None,6/2006,,,
,Songkick,http://songkick.com,6/2007,,,"$          60,815,000"
Dead,Splashup,http://splashup.com,6/2007,,,"$              10,000"
Dead,Reble,http://reble.fm,6/2007,,,
,Trigger.io,http://trigger.io,1/2008,,,"$           1,604,400"
,RescueTime,http://rescuetime.com,1/2008,,,"$             920,000"
Exited,Posterous,http://posterous.com,6/2008,"$          10,000,000",H,"$          10,140,000"
Dead,TicketStumbler,http://ticketstumbler.com,6/2008,,,"$              15,000"
Dead,Skysheet,http://www.skysheet.com,1/2009,,,
,HighlightCam,http://www.HighlightCam.com,6/2009,,,"$           3,000,000"
Exited,RethinkDB,http://www.rethinkdb.com,6/2009,"$              25,000",,"$          23,200,000"
,LaunchHear,None,1/2010,,,
Dead,FitFu,http://www.fitfu.com,1/2011,,,"$             400,000"
,Dr Chrono,https://www.drchrono.com,1/2011,,,"$          18,725,000"
,NowJS,http://flotype.com/,1/2011,,,"$           1,400,000"
,ZeroCater,https://zerocater.com,1/2011,,,"$           5,599,999"
,Interstate,http://interstateapp.com,6/2011,,,
Exited,Leaky,http://leaky.com,6/2011,,,
Exited,Clutch.io,None,6/2011,"$           2,000,000",L,
Exited,SendHub,http://sendhub.com,1/2012,,,"$          10,000,000"
Exited,Loom,http://www.loom.com,1/2012,,,"$           1,400,000"
Exited,Couple,http://couple.me,1/2012,,,"$           4,200,000"
,Your Mechanic,http://www.yourmechanic.com,1/2012,,,"$          28,000,000"
Exited,Pixelapse,http://www.pixelapse.com,1/2012,,,
,RideCell,http://www.ridecell.com,1/2012,,,"$          11,700,000"
,LightTable,http://www.lighttable.com,6/2012,,,
,Zapier,https://zapier.com,6/2012,,,"$           2,562,000"
,PollGround,None,6/2006,,,
,Shoutfit,None,6/2006,,,
Exited,OMGPOP,http://omgpop.com,6/2006,"$         200,000,000",H,"$          16,600,000"
,VirtualMin,http://www.virtualmin.com,1/2007,,,
,View3,None,1/2007,,,
Dead,Tipjoy,http://www.tipjoy.com,1/2008,,,"$           1,000,000"
,Insoshi,http://insoshi.com,1/2008,,,
,Anyvite,http://www.anyvite.com,6/2008,,,
Exited,Slinkset,http://slinkset.com,6/2008,"$             100,000",L,"$              15,000"
Exited,JustSpotted,http://www.justspotted.com,6/2008,,,"$             765,000"
,ClaimSpotting,None,6/2008,,,
Exited,Divvyshot,http://divvyshot.com,1/2009,"$           5,000,000",L,"$              10,000"
Exited,Echodio,http://www.echodio.com,1/2009,"$           5,000,000",L,
Exited,Cloudkick,http://cloudkick.com,1/2009,"$          30,000,000",H,"$           2,750,000"
Dead,Answerly.com,http://www.InboxQ.com,1/2010,,,
Exited,GazeHawk,http://www.gazehawk.com,6/2010,"$           2,000,000",L,
,Brushes,http://brushesapp.com,6/2010,,,
Exited,Docker,http://www.dotcloud.com,6/2010,,,"$          28,679,147"
,Instapainting,http://like.fm,1/2011,,,
,Five Stars,http://fivestarscard.com,1/2011,,,"$          42,650,000"
Exited,OrderAhead,http://orderaheadapp.com,1/2011,,,"$          10,500,000"
,YC W11 Stealth - #45,http://,1/2011,,,
Exited,FreshPlum,http://www.freshplum.com,6/2011,,,"$           2,484,999"
Exited,Stypi,http://www.stypi.com,6/2011,"$           2,000,000",L,
,Science Exchange,http://scienceexchange.com,6/2011,,,"$          30,500,000"
,Streak.com,http://greekstreak.com,6/2011,,,
Exited,Caviar,http://www.trycaviar.com,6/2011,"$          90,000,000",,"$          15,000,000"
,ScreenLeap,http://www.screenleap.com,1/2012,,,
,42floors,http://42floors.com,1/2012,,,"$          17,400,000"
Dead,Install Monetizer,http://www.InstallMonetizer.com,1/2012,,,"$             500,000"
,Clever Deck,http://cleverdeck.com,1/2012,,,
,Documents.me,http://Documents.me,1/2012,,,"$             250,000"
,Filestack,http://filestack.com,6/2012,,,"$           1,800,000"
Exited,Loopt,http://www.loopt.com,6/2005,"$          43,400,000",H,"$          39,105,997"
,ClickFacts,http://clickfacts.com,6/2005,,,"$             847,708"
Exited,TextPayMe,http://www.textpayme.com,6/2005,"$           3,000,000",L,
Exited,SocialPicks,http://www.socialpicks.com,6/2007,"$           8,000,000",L,"$             500,000"
,PollEverywhere,http://www.polleverywhere.com,6/2008,,,"$              20,000"
Dead,Snipd,http://www.snipd.com,6/2008,,,"$              15,000"
,YC Stealth YC S08 #24,http://,6/2008,,,
Dead,PocketFunGames,http://pocketfungames.com,1/2009,,,
Exited,GraffitiGeo,http://graffitigeo.com,6/2009,"$             100,000",L,"$              20,000"
Dead,Plurchase,http://plurchase.com,6/2009,,,
,Allscreen,http://www.allscreenhq.com,1/2010,"$          85,000,000",H,"$             500,000"
Exited,Embedly,http://embed.ly,1/2010,,,"$           1,020,000"
,PagerDuty,http://www.pagerduty.com,6/2010,,,"$          83,600,000"
Dead,HomeJoy,http://www.Homejoy.com,6/2010,,,"$          64,190,945"
,Beetailer,http://www.beetailer.com,1/2011,,,
,Upverter,http://upverter.com,1/2011,,,"$           4,378,571"
Exited,TapEngage,http://www.tapengage.com,6/2011,"$           2,000,000",L,
Exited,Firebase,http://www.firebase.com,6/2011,,,"$           7,000,000"
,Proxino,http://www.proxino.com,6/2011,,,
,GoCardless,http://gocardless.com,6/2011,,,"$          24,800,000"
,Genius,http://www.genius.com,6/2011,,,"$          56,900,000"
,HipMob,http://flypadapp.com,1/2012,,,
Dead,99dresses,http://99dresses.com,1/2012,,,"$             105,651"
Dead,EngageInbox,http://givespark.com,1/2012,,,
Exited,Midnox,http://luma.io,1/2012,,,
Exited,Carsabi,http://carsabi.com,1/2012,,,
,Diaspora,http://diasporaproject.org,6/2012,,,
Exited,Kippt,http://kippt.com,6/2012,,,
,Virool,http://www.virool.com,6/2012,,,"$          18,620,000"
,SmartAsset,https://smartasset.com/,6/2012,,,"$          23,431,095"
,Partnered,http://www.partnered.com,6/2012,,,"$           1,098,400"
,Everyday.me,http://everyday.me,6/2012,,,
,QuicklyChat,http://www.quicklychat.com,6/2012,,,
,Kamcord,http://www.kamcord.com,6/2012,,,"$          35,270,000"
Dead,ViaCycle,http://www.viacycle.com,6/2012,,,
,Double Robotics,http://www.doublerobotics.com,6/2012,,,"$           1,900,000"
,Vastrm,http://www.vastrm.com,6/2012,,,"$           1,650,000"
,Newsblur,http://newsblur.com,6/2012,,,
,Instacart,https://www.instacart.com,6/2012,,,"$         674,800,000"
,MicroEval,http://microeval.com,6/2012,,,
Exited,BufferBox,http://www.bufferbox.com,6/2012,"$           3,000,000",L,"$           1,000,000"
Exited,Statwing,http://www.statwing.com,6/2012,,,
,Vayable,http://www.vayable.com,6/2012,,,"$           2,100,000"
Dead,TapIn,http://www.tapin.tv,6/2012,,,
,SpinPunch,http://www.spinpunch.com,6/2012,,,
,Tracks.by,http://tracksby.com,6/2012,,,
,FundersClub,http://fundersclub.com,6/2012,,,"$           6,500,000"
,Grid,http://grid.binarythumb.com/,6/2012,,,
,Scoutzie,http://www.scoutzie.com,6/2012,,,
,DataNitro,http://www.datanitro.com,6/2012,,,
Dead,HipType,http://www.hiptype.com,6/2012,,,
,Canopy Labs,http://canopylabs.com,6/2012,,,"$           2,064,000"
,ReelSurfer,http://www.reelsurfer.com,6/2012,,,"$             880,000"
,Amicus,http://amicushq.com,6/2012,,,"$           3,780,000"
,imgfave,http://imgfave.com,6/2012,,,
Exited,Easel,http://easel.io,6/2012,,,
,Knowmia,http://www.knowmia.com,6/2012,,,
Exited,VoiceGem,http://www.voicegem.com,6/2012,"$             500,000",L,
Dead,RegistryLove,http://registrylove.com,6/2012,,,
,Tastemaker,http://www.tastemaker.com,6/2012,,,"$           3,220,985"
,Testmunk,http://testmunk.com,6/2012,,,
,Coco Controller,http://cococontroller.com,6/2012,,,
,Profig,http://profig.com,6/2012,,,
Dead,Collections,http://www.collections.me,6/2012,,,
,Markupwand,http://www.goyaka.com,6/2012,,,
,Zentail,https://www.zentail.com,6/2012,,,
,Survata,https://www.survata.com,6/2012,,,"$           7,717,000"
,Mth Sense,http://mthsense.com,6/2012,,,
,9GAG,http://9gag.com,6/2012,,,"$           2,800,000"
Exited,Crohnology,http://crohnology.com,6/2012,,,
,Keychain Logistics,https://www.keychainlogistics.com,6/2012,,,"$           2,520,000"
Exited,GetGoing,http://www.getgoing.com,6/2012,,,"$           2,500,000"
,Airbrite,http://airbritelabs.com,6/2012,,,
,Submittable,http://www.submittable.com,6/2012,,,"$           2,250,000"
Dead,Hubchilla,http://www.hubchilla.com,6/2012,,,
,Rent.io,http://www.rent.io,6/2012,,,
,Eligible,https://www.eligible.com,6/2012,,,"$          25,200,000"
,Dreamforge,http://dreamforge.me,6/2012,,,
,OctaveWealth,http://bigcalc.com,6/2012,,,
Dead,TomoGuides,http://tomoguides.com,6/2012,,,
,StudyEdge,http://www.studyedge.com,6/2012,,,
Dead,Circular,http://www.circularapp.com,6/2012,,,
,BoostedBoards,http://www.boostedboards.com,6/2012,,,
,Grouper,http://joingrouper.com,1/2012,,,
,AdsOptimal,http://adsoptimal.com,6/2012,,,
,Fullstack Academy,http://fullstackacademy.com,6/2012,,,
,Thread,https://www.thread.com/,6/2012,,,"$          16,322,190"
,Rainforest QA,https://www.rainforestqa.com/,6/2012,,,"$          16,170,000"
,Celery,http://www.trycelery.com,6/2012,,,"$           2,300,000"
,Health Sherpa,https://www.healthsherpa.com/,6/2012,,,"$          10,000,000"
,Mattermost,http://mattermost.com,6/2012,,,
,Framebase,http://,6/2012,,,
Exited,Ink,http://,6/2012,,,
,Hipset,http://,6/2012,,,
Exited,Pixate,http://www.pixate.com,6/2012,,,"$           3,800,000"
,Benchling,http://benchling.com,6/2012,,,"$          12,900,000"
,Soylent,http://www.soylent.me,6/2012,,,
,Natero,https://www.natero.com,6/2012,,,"$           3,334,176"
,Arc,http://,6/2012,,,
,BackerKit,https://backerkit.com,6/2012,,,
,Lever,https://www.lever.co/,6/2012,,,"$          32,800,000"
,Svbtle,http://svbtle.com,6/2012,,,
,Watsi,http://watsi.org,1/2013,,,"$           4,700,000"
,Swish,http://www.swish.com,1/2013,,,
,Wevorce,http://wevorce.com,1/2013,,,"$           6,545,962"
,Strikingly,http://www.strike.com.au,1/2013,,,
Exited,FlightCar,http://flightcar.com,1/2013,,,"$          40,428,608"
Exited,Screenhero,http://screenhero.com,1/2013,,,"$           1,800,000"
,Zenefits,http://www.zenefits.com,1/2013,,,"$         583,600,000"
Exited,Meldium,http://www.meldium.com,1/2013,"$          15,000,000",H,"$           1,000,000"
,Thalmic Labs (Myo),http://thalmic.com,1/2013,,,"$         135,606,990"
,Semantics3,http://www.semantics3.com,1/2013,,,"$           2,150,000"
,Experiment,http://www.experiment.com,1/2013,,,"$           1,230,000"
,SimplyInsured,http://www.simplyinsured.com,1/2013,,,"$           8,400,000"
,WeFunder,http://www.wefunder.com,1/2013,,,"$           2,330,000"
,StyleUp,http://thestyleup.com,1/2013,,,
,Fivetran,http://www.fivetran.com,1/2013,,,
,Lawdingo,http://www.lawdingo.com,1/2013,,,"$             790,000"
,SwapBox,http://swapbox.com,1/2013,,,"$           3,000,000"
,BuildZoom,https://www.buildzoom.com,1/2013,,,"$          14,563,000"
,Lollipuff,http://www.lollipuff.com,1/2013,,,
,Padlet,http://padlet.com,1/2013,,,"$           2,320,000"
,Teespring,http://teespring.com,1/2013,,,"$          56,875,000"
,Pantelligent,http://www.pantelligent.com,1/2013,,,
,Errplane,http://errplane.com,1/2013,,,"$           9,112,000"
,Terascore,http://www.terascore.com,1/2013,,,"$             100,000"
Exited,Posmetrics,http://posmetrics.com,1/2013,,,
,Goldbely,https://www.goldbely.com,1/2013,,,"$          13,000,000"
,Prizeo,http://www.prizeo.com,1/2013,,,"$           2,500,000"
,BitNami,https://bitnami.com,1/2013,,,
,PayTango,http://paytango.com,1/2013,,,"$             700,000"
,Interana,http://www.interana.com,1/2013,,,"$          46,199,999"
,Medisas,http://www.medisas.com,1/2013,,,
,InfluxData,http://influxdata.com/,1/2013,,,"$          24,892,000"
,Prophecy Services,http://,1/2013,,,
,Airware,http://airware.com,1/2013,,,"$         109,550,000"
,VayCayHero,http://www.vaycayhero.com/,1/2013,,,"$           4,186,500"
,Etleap,http://etleap.com/,1/2013,,,
,CrowdMed,http://www.crowdmed.com,1/2013,,,"$           3,145,000"
,Appcubator,http://,1/2013,,,
,Heap Analytics,http://heapanalytics.com,1/2013,,,"$          13,000,000"
Exited,Coin,https://onlycoin.com,1/2013,,,"$          15,500,000"
,Butter Systems,http://buttersystems.com,6/2013,,,"$             100,000"
,6sense,http://www.6sense.com,1/2013,,,"$          36,000,000"
,BeatDeck,http://,1/2013,,,
,Kalibrr,http://www.kalibrr.com,1/2013,,,"$           2,770,000"
Exited,MedXT,https://www.medxt.com,1/2013,,,
,RoverRide,http://,1/2013,,,
Exited,Standard Treasury,http://standardtreasury.com,6/2013,,,"$           2,700,000"
,Apptimize,http://apptimize.com,6/2013,,,"$          18,500,000"
,EasyPost,http://www.easypost.com,6/2013,,,"$           3,450,000"
Exited,SpoonRocket,http://www.spoonrocket.com,6/2013,,,"$          13,500,000"
,RealCrowd,http://www.realcrowd.com,6/2013,,,"$           1,600,000"
,Estimote,http://www.estimote.com,6/2013,,,"$          13,800,000"
,FanHero,http://fanhero.com,6/2013,,,
Exited,StatusPage,http://www.statuspage.io,6/2013,,,"$             100,000"
,Jerpix,http://jerpix.com,6/2013,,,
Dead,Prim,http://getprim.com,6/2013,,,
Exited,DataRank,http://www.datarank.com,6/2013,,,"$           1,588,000"
,Lob,https://www.lob.com,6/2013,,,"$           9,400,000"
,DoorDash,http://www.doordash.com,6/2013,,,"$         186,700,000"
,Floobits,http://floobits.com,6/2013,,,
,Le Tote,http://www.letote.com,6/2013,,,"$          52,500,000"
,True Link Financial,https://www.truelinkfinancial.com,6/2013,,,"$           7,000,000"
,7 Cups of Tea,http://www.7cupsoftea.com,6/2013,,,
,One Month Rails,http://onemonth.com,6/2013,,,"$           2,684,000"
,Kivo,http://www.kivo.com,6/2013,,,"$              97,000"
,Webflow,http://www.webflow.com,6/2013,,,"$           2,900,000"
,SimpleLegal,http://www.simplelegal.com,6/2013,,,
,Glio,https://glio.com,6/2013,,,
,Watchsend,http://watchsend.com,6/2013,,,"$             650,000"
,Senic,http://www.senic.com,6/2013,,,
,LocalOn,http://www.localon.com,6/2013,,,"$             175,000"
,Meta Space Glasses,http://www.metavision.com,6/2013,,,"$          73,000,000"
,Casetext,http://www.casetext.com,6/2013,,,"$          20,800,000"
Exited,Hackermeter,http://www.hackermeter.com,6/2013,"$             350,000",L,
,GoComm,http://gocomm.com,6/2013,,,
,SoundFocus,http://www.soundfocus.com,6/2013,,,"$           1,700,000"
,ixi-play,http://ixiplay.com,6/2013,,,
Exited,Weilos,http://weilos.com,6/2013,,,
,Toutpost,http://www.toutpost.com,6/2013,,,
,Bloomthat,http://www.bloomthat.com,6/2013,,,"$           7,600,000"
,Graft Concepts,http://www.graftconcepts.com,6/2013,,,
,Amulyte,http://www.amulyte.com,6/2013,,,"$             255,000"
,Asseta,http://www.asseta.com,6/2013,,,"$           1,535,000"
,Crowdery,None,6/2013,,,
,Panorama Education,http://panoramaed.com,6/2013,,,"$          16,000,000"
Exited,URX,http://urx.com,6/2013,,,"$          15,100,000"
,Reebee,http://reebee.com,6/2013,,,
Exited,Teleborder,http://www.teleborder.com,6/2013,,,
,Hum,http://letshum.com,6/2013,,,
,Regalii,http://regalii.com,6/2013,,,"$           6,000,000"
Dead,Buttercoin,http://buttercoin.com,6/2013,,,"$           1,250,000"
,CoreOS,http://coreos.com,6/2013,,,"$          50,000,000"
,Lumoid,http://lumoid.com,6/2013,,,"$           4,400,000"
,imHome,https://imhomeapp.com/,6/2013,,,
,CrateJoy,http://www.cratejoy.com,6/2013,,,"$           4,000,000"
,Echo Locker,http://echolocker.com/,6/2013,,,
Exited,Layer by Layer,http://www.layerbylayer.com/,6/2013,,,
,YC S13 Stealth - #53,http://,6/2013,,,
,YC S13 Stealth - #52,http://,6/2013,,,
,Popular Pays,http://www.popularpays.com,1/2015,,,"$           5,420,000"
,TenantTurner,http://tenantturner.com/,6/2015,,,"$             500,000"
,Triplebyte,http://triplebyte.com,6/2015,,,"$           3,000,000"
,Hingeto,https://www.hingeto.com/,1/2016,,,"$             120,000"
,Gigster,https://gigster.com/,6/2015,,,"$          12,500,000"
,Hublo,http://www.hublo.com,6/2014,,,
,Athelas,https://athelas.com/,6/2016,,,"$             120,000"
,Maderight,http://maderight.co,6/2015,,,
,SourceDNA,http://sourcedna.com,6/2015,,,
,Jopwell,http://www.jopwell.com,6/2015,,,"$           4,250,000"
,Instawork,http://www.instawork.co,6/2015,,,
,Interviewed,https://www.interviewed.com/,6/2015,,,"$           2,000,000"
,GoLorry,http://www.golorry.com/,1/2016,,,"$             120,000"
,Nebia,http://nebia.com/#,6/2015,,,"$             120,000"
,GovPredict,https://govpredict.com/home/index,6/2015,,,"$             120,000"
,Gemnote,https://www.gemnote.com,6/2015,,,"$             120,000"
,Confident Cannibas,http://www.confidentcannabis.com/,6/2015,,,"$           3,000,000"
,Branch8,http://www.branch8.com/,6/2015,,,
,Flirtey,http://www.flirtey.com,6/2015,,,"$          16,040,875"
,Markhor,https://themarkhor.com,6/2015,,,"$             227,000"
,VIVE,http://www.vive.co,6/2015,,,"$           2,300,000"
,Shotput,http://www.shotput.com/,6/2015,,,"$             120,000"
,TetraScience,http://www.tetrascience.com,6/2015,,,"$              25,000"
,Mindori,http://mindori.com/,6/2016,,,
,Bitmovin,https://www.bitmovin.com,6/2015,,,"$          10,300,001"
Dead,CareLedger,http://www.careledger.com,6/2015,,,
,FutureLeague,http://www.futureleague.co,1/2014,,,"$           1,489,000"
,Scentbird,http://scentbird.com,6/2015,,,"$           3,840,000"
,Stealth Worker,https://stealthworker.com/,1/2016,,,"$             120,000"
,Ambition,http://www.tryambition.com,1/2014,,,"$           2,000,000"
,Truebill,http://www.truebill.com,1/2016,,,"$           1,900,000"
,Lively,https://livelyme.com,1/2017,,,"$             715,000"
,Cleanly,https://cleanly.com,1/2015,,,"$           7,300,000"
Exited,Vanhawks,http://www.vanhawks.com/,1/2015,,,"$           1,600,000"
,Bulletin,https://bulletin.co,1/2017,,,
Exited,Threadable,http://threadable.com,1/2014,,,
,PaveIQ,https://www.paveiq.com/,1/2016,,,"$             120,000"
,NeoWize,http://www.neowize.com/,6/2016,,,"$             840,000"
,AirPair,http://www.airpair.com,1/2014,,,
,StartClosing,http://startclosing.com/,1/2016,,,"$             120,000"
,Yhat,http://yhathq.com,1/2015,,,"$           2,620,000"
,Proxy,https://www.proxy.co/,6/2016,,,"$           3,200,000"
,TrendMD,http://www.trendmd.com,1/2016,,,"$             149,702"
,NanoNets,https://nanonets.com,1/2017,,,"$             120,000"
,SketchDeck,http://sketchdeck.com,1/2014,,,"$           2,200,000"
,Beacon,http://www.beaconreader.com,1/2014,,,
,Millibatt,https://www.millibatt.com/,1/2017,,,
,AlemHealth,http://www.alemhealth.com/,1/2017,,,
,Perlara,http://plab.co,1/2016,,,"$           7,320,000"
,WorldCover,http://worldcovr.com,1/2016,,,"$             100,000"
,OpenCurriculum,http://opencurriculum.org/,1/2014,,,"$              40,000"
,Lattice,http://latticehq.com/,1/2016,,,"$           2,920,000"
,Seed,https://seed.co/,1/2015,,,"$           5,120,000"
,InnaMed,http://www.innamed.com,1/2017,,,"$              81,142"
,Selfycart,https://www.selfycart.com/,6/2016,,,"$             120,000"
,Slidemail,None,1/2015,,,"$             120,000"
,Chillabit,https://justchillabit.com/,1/2016,,,"$             120,000"
,Robby,https://robby.io/,6/2016,,,"$             120,000"
,Newcope,http://,1/2010,,,
,Whirl,http://getwhirl.com,6/2014,,,"$             375,000"
,WorkRamp,https://www.workramp.com,6/2016,,,"$           1,920,000"
,Second Measure,https://secondmeasure.com/,6/2015,,,"$           2,000,000"
,Landed,http://www.landed.com/#/home,1/2016,,,"$           2,120,000"
,Tab,http://tabmoney.com,6/2015,,,
,Kip Health,http://www.hellokip.com,1/2016,,,"$             120,000"
,SMARTSITE,http://www.smartsitesafety.com/,6/2016,,,"$             120,000"
,Clear Genetics,http://www.cleargenetics.com,1/2017,,,
,Pulpix,https://www.pulpix.com,1/2016,,,"$             970,000"
,Bright,http://www.brightnetwork.co.uk,1/2015,,,"$             120,000"
,Lawn Love,http://lawnlove.com/,6/2014,,,"$           1,900,000"
,Industrial Microbes,http://imicrobes.com,1/2015,,,"$             120,000"
,StrongIntro,https://strongintro.com/,1/2016,,,"$             120,000"
,OOHLALA,http://www.oohlalamobile.com,6/2016,,,"$           4,120,000"
,Algoriz,https://algoriz.com/,1/2017,,,
,Physio Health,https://physioh.com/,1/2016,,,"$             120,000"
,Castle,http://entercastle.com/,1/2016,,,"$           2,772,000"
,Smartspot,None,1/2015,,,
,GrubMarket,https://www.grubmarket.com,1/2015,,,"$          32,100,000"
,Quero Education,http://quero.education/,6/2016,,,"$             120,000"
,Greenshoe,http://getsaida.com/,6/2015,,,"$             120,000"
,HiOperator,http://www.hioperator.com/,6/2016,,,"$             120,000"
,Oolu,http://www.oolusolar.com/en_US/,6/2015,,,
,ApolloShield,http://www.apolloshield.com/,6/2016,,,"$             120,000"
,Bonsai,https://www.hellobonsai.com,1/2016,,,"$             120,000"
,Opsolutely,https://www.opsolutely.com/,6/2016,,,"$             120,000"
,Compgun,http://www.compgun.com,1/2016,,,"$             120,000"
,Jumpcut,http://jumpcut.com,6/2016,,,"$           7,120,000"
,YC W15 Stealth - #105,,1/2015,,,
Dead,Ohm,http://www.getohm.com/,6/2015,,,"$             120,000"
,Serica,https://sericapay.com/,6/2015,,,
,Wifi Dabba,http://wifidabba.com/,1/2017,,,
,Captain 401,https://captain401.com/,6/2015,,,"$           3,500,000"
,mRelief,https://www.mrelief.com/,1/2016,,,"$             120,000"
,Gbatteries,http://www.gbatteries.com,1/2014,,,
,Supply,http://www.madebysupply.com/,6/2015,,,"$             120,000"
,Democracy Earth,http://democracy.earth/,1/2015,,,"$             220,000"
,AppCanary,https://appcanary.com/,6/2015,,,"$             120,000"
,The Ticket Fairy,https://www.theticketfairy.com/,6/2015,,,"$             605,000"
,Trac,https://www.tracchicago.com,1/2016,,,"$             120,000"
,Clara Labs,http://www.claralabs.com/,6/2014,,,"$           5,000,000"
,Aptible,https://www.aptible.com,6/2014,,,"$             120,000"
,Meesho,http://www.meesho.com/,6/2016,,,
,Labdoor,http://LabDoor.com,1/2015,,,"$           7,990,587"
,QueueHop,http://queuehop.com/,1/2016,,,"$             120,000"
,TaskPipes,https://taskpipes.com,1/2015,,,"$             120,000"
,BlockStack Labs,https://blockstack.org/,6/2014,,,"$           5,450,000"
Exited,Streem,https://www.streem.com,6/2012,,,"$             875,000"
,Moneytis,https://moneytis.com,1/2017,,,"$             497,637"
,Replenish,http://getreplenish.com/,6/2014,,,
,Platzi,https://courses.platzi.com/,1/2015,,,"$           2,220,000"
,Bulk MRO,https://www.bulkmro.com/,1/2017,,,
,Lygos,http://www.lygos.com,1/2016,,,"$          13,120,000"
,YC W15 Stealth - #112,None,1/2015,,,
,Pit.ai,https://www.pit.ai/,1/2017,,,
,Style Lend,http://stylelend.com,1/2014,,,"$              50,000"
,Zenflow,http://zenflow.com,1/2015,,,"$             120,000"
Dead,Weave,http://www.weave.in,6/2014,,,"$           5,000,000"
,flexReceipts,http://www.flexreceipts.com,1/2016,,,"$           5,009,415"
,MeterFeeder,https://www.meterfeeder.com/,1/2016,,,"$             120,000"
,Mosaic,https://saymosaic.com,6/2016,,,"$             120,000"
,OMG Digital,http://omgvoice.com,6/2016,,,"$             120,000"
,Revlo,https://www.revlo.co/,6/2016,,,"$           3,100,000"
,Marketfox,https://www.marketfox.io,1/2017,,,
,EquipmentShare,https://equipmentshare.com/,1/2015,,,"$          33,720,000"
,YC W14 Stealth - #75,http://,1/2014,,,
,YC W15 Stealth - #109,None,1/2015,,,
,ListRunner,https://listrunnerapp.com/,6/2014,,,"$             500,000"
,UtilityScore,https://www.myutilityscore.com/#howitworks,6/2016,,,"$             120,000"
,Message.io,http://www.message.io,1/2016,,,"$             120,000"
,Lendsnap,https://lendsnap.com/,6/2016,,,"$             120,000"
,Thunkable,http://thunkable.com/,1/2016,,,"$             120,000"
,Sway,https://swayfinance.com,6/2016,,,"$             120,000"
,Podium,https://www.podium.com,1/2016,,,"$             620,000"
,Miso,http://getmiso.com/,6/2016,,,"$           2,700,000"
,Wallarm,https://wallarm.com,6/2016,,,"$           2,920,000"
,42,http://42debut.com,1/2014,,,
,Secful,http://www.secful.com/,1/2016,,,"$             120,000"
,Indigo Fair,https://www.indigofair.com,1/2017,,,
,eBrandValue,http://www.ebrandvalue.com,1/2015,,,
,MDAcne,http://www.MDacne.com,1/2017,,,"$           1,500,000"
,DroneBase,http://dronebase.com,1/2015,,,"$           6,957,370"
,Boostable,http://www.boostable.com,1/2014,,,"$           8,222,000"
,Think Gaming,http://thinkgaming.com,6/2014,,,"$             120,000"
,Payable,http://www.payable.com/,6/2014,,,"$           2,100,000"
,Collectly,http://collectly.co,1/2017,,,
,Akido Labs,https://www.akidolabs.com,1/2015,,,"$             120,000"
,Zip Phone,http://www.zipphone.com,6/2014,,,
,Memebox,http://us.memebox.com,1/2014,,,"$         229,620,000"
,Rippling,https://www.rippling.com/,1/2017,,,"$           7,000,000"
,TAXA Biotechnologies,http://www.taxa.com,6/2014,,,"$             909,000"
,MixerBox,http://www.mixerbox.com,1/2014,,,"$             120,000"
,Sharethebus,https://www.bus.com/,1/2016,,,"$           7,411,399"
,Nova Credit,http://neednova.com/,6/2016,,,"$           3,420,000"
,Upcall,http://www.upcall.com,1/2017,,,"$           2,190,000"
,Symple,http://getsymple.com,1/2017,,,"$             120,000"
,OSVehicle,https://www.osvehicle.com/france-aquinetic/,1/2016,,,
,Revl,http://www.revl.xyz,1/2016,,,
,Kickback,http://kickback.com/,1/2015,,,"$           4,120,000"
,Eivod,http://,6/2007,,,
,Nova,http://www.nova.ai/,1/2016,,,"$             600,000"
,Quiki,https://www.askquiki.com,1/2017,,,
,Innov8,http://www.innov8.work/,6/2016,,,
,Bonfire,http://gobonfire.com/,1/2015,,,
,Scribe,http://www.tryscribe.com,1/2017,,,"$             120,000"
,Color Dating,http://www.colordatingapp.com,6/2014,,,
,Coub,http://coub.com,6/2016,,,"$           3,620,000"
,Soomgo,https://soomgo.com,1/2017,,,"$             592,105"
Exited,WorkLife,https://www.worklife.com,1/2015,,,"$           2,720,000"
,CareMessage,http://caremessage.org,1/2014,,,"$          10,700,000"
,Gradberry,http://www.gradberry.com,1/2015,,,"$             120,000"
Dead,Flytenow,http://www.flytenow.com,6/2014,,,"$             145,000"
,CareSkore,http://www.careskore.com,1/2016,,,"$           4,420,000"
,Techmate,https://jointechmate.com,6/2016,,,
,Oklo,http://oklo.com,6/2014,,,
,RoseRocket,http://www.roserocket.com/,6/2016,,,"$             120,000"
,Bagaveev Corporation,http://bagaveev.com,1/2015,,,"$             655,000"
,Spoil,http://spoil.co/app,1/2015,,,"$             120,000"
,RigPlenish,http://www.rigplenish.com,6/2016,,,"$             120,000"
,VINEBOX,http://www.getvinebox.com/,1/2016,,,"$             120,000"
,CribSpot,https://www.cribspot.com/,1/2015,,,"$           2,927,034"
,Restocks,https://www.restocks.io/,1/2016,,,"$             120,000"
,ReadMe,http://www.readme.io,1/2015,,,"$           1,120,000"
,DevColor,http://www.devcolor.org/,6/2016,,,"$             120,000"
,Wifi.com.ng,http://wifi.com.ng/,1/2017,,,
,DoseDr,https://www.dosedr.com,1/2016,,,"$             120,000"
,YC W15 Stealth - #106,,1/2015,,,
,SHRI,http://www.sanrights.org,1/2016,,,
,Hogaru,https://www.hogaru.com,1/2017,,,"$             680,000"
,ShiftLabs,http://shiftlabs.com,1/2015,,,"$           1,219,500"
,MailTime,http://mailtime.com,1/2016,,,"$           3,211,250"
,Moltin,https://moltin.com,1/2015,,,"$           2,321,891"
,XIX.ai,http://xix.ai/,1/2017,,,
,Instavest,https://goinstavest.com/,1/2015,,,"$             120,000"
,One Codex,https://onecodex.com/,6/2014,,,"$             120,000"
,Taplytics,http://taplytics.com,1/2014,,,"$           4,800,000"
,Zenysis,http://www.zenysis.com/,1/2016,,,"$           2,800,000"
,Aptonomy,http://www.aptonomy.com/home,6/2016,,,"$             120,000"
,Solugen,http://www.solugen.co/,1/2017,,,
,Bellabeat,http://www.bellabeat.com,1/2014,,,"$           4,519,913"
,Liftignighter,http://www.liftigniter.com/,1/2014,,,"$              50,000"
,Eventgeek,http://www.eventgeek.com/,6/2016,,,"$             120,000"
,Credy,https://www.credy.in/,1/2017,,,
,KidPass,https://kidpass.com/,1/2017,,,"$           1,200,000"
,STILT,http://www.stilt.co,1/2016,,,"$             120,000"
,Dost Education,http://www.dosteducation.com,1/2017,,,
,Iron Ox,http://www.ironox.com/,1/2016,,,"$             120,000"
,Flutterwave,https://flutterwave.com/#/?_k=x1mbmp,6/2016,,,"$             170,000"
,MetricWire,http://metricwire.com,6/2014,,,"$             120,000"
,Varden Labs,http://vardenlabs.com/,1/2016,,,"$           4,620,000"
,Validere,http://validere.com/,6/2016,,,"$           3,681,037"
,Abacus,http://abacus.com/,1/2014,,,"$           3,500,000"
,Zen99,https://www.tryzen99.com/,6/2014,,,"$           2,620,000"
Exited,Chariot,https://www.chariot.com,1/2015,,,"$           3,000,000"
,CodeNow,http://codenow.org,1/2014,,,
,SimpleCitizen,http://www.simplecitizen.com/,6/2016,,,"$             820,000"
,Pakible,https://pakible.com,1/2015,,,"$             240,000"
,LitHit,https://lithit.com/,1/2017,,,
,Outbound,https://outbound.io,1/2015,,,"$           2,070,000"
,Ohmygreen,http://www.ohmygreen.com,6/2016,,,"$             120,000"
,PocketSuite,http://pocketsuite.io,1/2016,,,"$           1,595,000"
,Raptor Maps,http://www.raptormaps.com/,6/2016,,,"$             120,000"
,SunFarmer,http://www.sunfarmer.org,1/2016,,,"$             120,000"
,Yoshi,https://www.startyoshi.com/,6/2016,,,"$           2,220,000"
,Poppy,https://www.meetpoppy.com/,1/2016,,,"$             120,000"
,Vote.org,https://www.vote.org/,6/2016,,,"$             120,000"
,Token Transit,http://www.tokentransit.com/,1/2017,,,
Dead,ReSchedule,http://reschedulemed.com,1/2015,,,"$             120,000"
,PatientBank,https://www.patientbank.us,6/2016,,,"$             120,000"
,MTailor,http://mtailor.com,6/2014,,,"$           2,120,000"
,In Your Corner,http://www.inyourcorneronline.com,6/2014,,,"$             120,000"
,Chatfuel,http://chatfuel.com/,1/2016,,,"$             120,000"
,Humi,https://www.humi.ca,1/2017,,,
,TheMidGame,https://www.themidgame.com,1/2015,,,"$             120,000"
,SOUNDBOKS,https://soundboks.com/,1/2016,,,"$             120,000"
,Beep,http://www.beepnetworks.com,6/2014,,,"$           4,000,000"
,Move Loot,http://moveloot.com,1/2014,,,"$          21,800,000"
,Streamup,https://streamup.com,1/2016,,,"$           1,930,000"
,Smarking,http://smarking.net,1/2015,,,"$           3,000,000"
Exited,Raven Tech,http://www.raventech.com/,1/2015,,,"$          18,120,000"
,RankScience,https://www.rankscience.com/,1/2017,,,"$             125,000"
,Arthena,http://arthena.com,1/2017,,,"$           1,200,000"
,Booktrope,http://booktrope.com,1/2015,,,"$           2,270,000"
,VOIQ,http://www.voiq.com,6/2015,,,"$           2,345,000"
,UserGems,https://www.usergems.com,6/2014,,,
,Transcriptic,http://www.transcriptic.com,1/2015,,,"$          27,770,000"
,Shred Video,http://shredvideo.com/,6/2015,,,
,Heroic Labs,https://heroiclabs.com,6/2015,,,"$             120,000"
,Piinpoint,http://www.piinpoint.com,1/2014,,,
,Seva Coffee,http://www.sevacoffee.com/,6/2015,,,"$              28,000"
,Menty,http://www.menty.org,6/2015,,,
,MetricBoy,http://www.metricboy.com,6/2015,,,
,Cloudstitch,http://cloudstitch.io,6/2015,,,
,Eight,http://eightsleep.com,6/2015,,,"$          11,620,000"
,jEugene,https://jeugene.com/,6/2015,,,"$             120,000"
,Klarismo,http://www.klarismo.com/,6/2015,,,"$           2,487,070"
,InnerSpace,http://www.helloinnerspace.org/,6/2015,,,
,DeepGram,https://www.deepgram.com/,1/2016,,,"$           1,920,000"
,teaBOT,http://www.teabot.com/,6/2015,,,
,Konsus,http://www.konsus.com,1/2016,,,"$           1,620,000"
,Vernox Labs,https://www.vernox.io,6/2015,,,"$             120,000"
,Cambly,http://cambly.com,1/2014,,,"$           2,204,365"
,Traversal Networks,http://traversalnetworks.com/,6/2015,,,"$             120,000"
,Pachyderm,https://www.pachyderm.io/,1/2015,,,"$           2,120,000"
,Zeplin,http://zeplin.io,6/2015,,,"$           1,340,560"
,Tesorio,https://www.tesorio.com/,6/2015,,,
,GitPrime,https://gitprime.com,1/2016,,,"$           2,037,330"
,Pomello,https://www.pomello.com/,1/2015,,,"$             156,000"
,Hykso,http://www.hykso.com,1/2016,,,"$             120,000"
,GO1,http://www.go1.com,6/2015,,,"$           3,713,944"
,Smyte,https://www.smyte.com/,6/2015,,,"$           6,250,000"
,Bistrobot,http://bistrobot.com,6/2015,,,
,InnoVein,http://www.innoveinmedical.com/,1/2016,,,"$             120,000"
Exited,Sphere Secure Workplace,http://www.sphere.works,6/2015,,,"$             142,266"
,Trackin,http://trackin.co/,1/2015,,,"$             120,000"
,Bankjoy,https://bankjoy.com/,1/2015,,,"$             120,000"
,VetPronto,http://vetpronto.com/,1/2015,,,"$           1,340,000"
,YesGraph,https://www.yesgraph.com,6/2016,,,"$           2,420,000"
,Click & Grow,http://www.clickandgrow.com,6/2015,,,"$           6,922,029"
,Breakout Room,https://breakoutroom.co/,6/2015,,,
,OnboardIQ,http://www.onboardiq.com,6/2015,,,"$           3,300,000"
,Drip Capital,https://www.dripcapital.com/,6/2015,,,"$             120,000"
,Auro Robotics,http://www.auro.ai,6/2015,,,"$           2,100,000"
,YC S14 Stealth - #84,None,6/2014,,,
,LogDNA,https://logdna.com/,1/2015,,,"$           1,300,000"
,Roomblocker,http://www.roomblocker.com,6/2015,,,"$             120,000"
,Cover,http://www.usecover.com/,1/2016,,,"$             120,000"
,YC W14 Stealth - #74,http://,1/2014,,,
,Tule,https://www.tuletechnologies.com/,6/2014,,,
,Algolia,https://www.algolia.com,1/2014,,,"$          22,220,043"
,BlockScore,http://blockscore.com,6/2014,,,"$           2,025,000"
,Looklive,http://www.looklive.com,6/2016,,,"$           2,349,331"
Exited,Spark Gift,http://sparkgift.com,1/2015,,,"$             120,000"
,YC W12 Stealth - #65,http://,1/2012,,,
,Kisan Network,http://www.kisannetwork.com,1/2016,,,
,Sendwithus,https://www.sendwithus.com,1/2014,,,"$           2,300,000"
,Treeline,https://sailsjs.com/about,1/2015,,,"$             170,000"
,Impraise,http://www.impraise.com,6/2014,,,"$           1,704,666"
,AdThrow,http://,6/2009,,,
,IQBoxy,https://www.iqboxy.com/,1/2017,,,
,SmartAlto,http://www.smartalto.com/,1/2017,,,
,Ravti,https://www.ravti.com/,6/2014,,,"$             120,000"
,Chargehound,https://www.chargehound.com,1/2014,,,
,RoboHR,http://,6/2009,,,
,DocTalk,http://www.getdoctalk.com/,1/2017,,,"$           2,600,000"
,AptDeco,http://www.aptdeco.com,1/2014,,,"$           2,515,000"
,Focal Systems,http://www.focal.systems,1/2016,,,
,Weave Communications,http://www.getweave.com,1/2014,,,"$          20,500,000"
,Sliced Investing,http://www.slicedinvesting.com/,6/2014,,,"$           2,000,000"
,YC W15 Stealth - #108,,1/2015,,,
,Boxouse,https://boxouse.com/,1/2017,,,
,Snapdocs,http://www.snapdocs.com,1/2014,,,"$           3,000,000"
,Bikanta,http://bikanta.com/,6/2014,,,"$           1,700,000"
,Vidpresso,http://www.vidpresso.com,1/2014,,,
,ClearTax,http://cleartax.in/,6/2014,,,"$          15,420,000"
,Lumi,https://www.lumi.com/,1/2015,,,"$             388,000"
,Simple Habit,https://www.simplehabit.com/,1/2017,,,
Exited,Fixed,https://www.fixedlaw.com,6/2014,,,"$           3,750,000"
,Helion Energy,http://www.helionenergy.com/,6/2014,,,"$          12,114,202"
,Tovala,http://www.tovala.com,1/2016,,,"$           2,355,603"
Exited,Unwind Me,https://unwind.me,6/2014,,,
,BitAccess,http://www.bitaccess.co,6/2014,,,"$          11,000,000"
,StyleBee,http://stylebee.com,1/2016,,,"$           1,120,000"
,Burrow,https://hiburrow.com/,6/2016,,,"$             120,000"
,Terark,https://terark.com,1/2017,,,
,Multiply Labs,https://www.multiplylabs.com/,6/2016,,,"$             120,000"
,Squire,http://getsquire.com,6/2016,,,"$             120,000"
,Edyn,http://www.edyn.com/,1/2014,,,"$           2,970,000"
,Kangpe,https://www.kangpe.com/,1/2017,,,
Exited,Eventjoy,http://eventjoy.com,1/2014,,,
Exited,ProductHunt,http://www.producthunt.com,6/2014,"$          20,000,000",,"$           7,540,000"
Exited,Rescue Forensics,http://www.rescueforensics.com/,1/2015,,,"$             245,000"
,Theorem LP,http://theoremlp.com,1/2014,,,
,ServX,http://servx.in,1/2017,,,
,YC W14 Stealth - #73,http://,1/2014,,,
,BloomAPI,https://www.bloomapi.com/,1/2017,,,
,Zenamins,http://zenamins.com/,6/2014,,,"$             120,000"
Dead,Zinc,http://zincsave.com,1/2014,,,
,Lully,http://www.lullysleep.com/,1/2015,,,"$           2,100,000"
,LeadFinch,https://leadfinch.com,6/2014,,,
,Upkeep Maintenance Management,http://www.onupkeep.com/,1/2017,,,"$             120,000"
,Airo Health,http://www.getairo.com,6/2016,,,
,Backpack,https://backpackbang.com,6/2014,,,"$             120,000"
,Gecko Robotics,http://www.geckorobotics.com/,1/2016,,,"$             120,000"
,Neptune.io,http://www.neptune.io,6/2014,,,"$             120,000"
,20n,http://20n.com/,1/2015,,,"$           2,220,000"
,Doblet,http://doblet.com,6/2014,,,"$           1,420,000"
,Xberts,https://www.xberts.com/,6/2016,,,"$             120,000"
,TerrAvion,http://www.terravion.com,1/2014,,,"$          10,000,000"
,LendEDU,http://www.lendedu.com,1/2016,,,"$             140,000"
,Flexport,https://www.flexport.com/,1/2014,,,"$          94,000,000"
,Airfordable,http://www.airfordable.com/,6/2016,,,"$             120,000"
,Permutive,http://permutive.com/,6/2014,,,"$           1,409,067"
,Deako,https://www.deako.com/,1/2016,,,"$           6,790,000"
,Exponent,https://www.expo.io,6/2016,,,"$             120,000"
,Haywheel,http://haywheel.com,6/2016,,,"$             120,000"
,GoGoGrandparent,https://www.gogograndparent.com/,6/2016,,,"$             120,000"
,Function of Beauty,https://functionofbeauty.com/,1/2016,,,"$           9,620,000"
,Hivy,http://hivyapp.com/,1/2017,,,
,Remix,https://www.remix.com/,1/2015,,,"$             120,000"
,Bulk MRO,https://www.bulkmro.com/,1/2017,,,
,ZeroMailer,http://zeromailer.com,6/2012,,,
,Cartcam,https://www.cartcam.com/,1/2017,,,
,Tech in Asia,http://www.techlist.asia/,1/2015,,,
,Yumbin,http://,1/2014,,,
,Peer5,http://peer5.com,1/2017,,,"$           1,000,000"
,Diassess,http://www.diassess.com,1/2015,,,"$             120,000"
,Shoobs,http://shoobs.com,1/2014,,,"$              94,000"
,Ridejoy,http://,6/2011,,,
,Alchemy,http://www.alchemynano.com,6/2014,,,
,HauteDay,http://hauteday.com/,6/2014,,,"$             120,000"
,Vizera Labs,http://www.vizeralabs.com/,6/2014,,,"$             120,000"
,Penny,https://www.pennyapp.io,1/2017,,,"$           1,200,000"
,CloudMedX,http://www.cloudmedxhealth.com,1/2015,,,"$           6,600,000"
,PicnicHealth,https://picnichealth.com/,6/2014,,,"$           2,120,000"
,Rocketrip,http://www.rocketrip.com,1/2014,,,"$          17,175,000"
,StackLead,https://stacklead.com,1/2014,,,
,Rezi,https://www.rentrezi.com/,1/2017,,,
,Flynn,https://flynn.io/,6/2014,,,"$           1,405,000"
,MerryMint,http://www.merrymint.co/,1/2014,,,"$             120,000"
,WaystoCap,https://www.waystocap.com/,1/2017,,,
,Drive Motors,https://drivemotors.com/,1/2016,,,"$           1,500,000"
,Ginko Bioworks,http://ginkgobioworks.com/,6/2014,,,"$         154,120,000"
,Legalist,https://www.legalist.us/,6/2016,,,"$             120,000"
,Sycamore,https://www.mysycamore.com/,1/2017,,,
,Vinsight,http://www.vinsight.co,1/2017,,,
,Chitter,http://trychitter.com/,1/2016,,,"$             120,000"
Exited,Redspread,https://redspread.com/,1/2016,,,"$             240,000"
,GiveMeTap,http://www.givemetap.com,1/2015,,,"$             120,000"
,InsiteVR,https://www.insitevr.com/,1/2015,,,"$           1,500,000"
,Nurx,http://nurx.co,1/2016,,,"$           5,420,000"
,Voodoo Manufacturing,https://www.voodoomfg.com/,1/2017,,,"$           1,650,000"
,Upgraded,http://www.upgraded.io/,6/2016,,,"$             120,000"
,Clover Intelligence,https://voiceops.com,1/2017,,,
,Joy,https://withjoy.com/,6/2016,,,"$           4,620,000"
Exited,Kimono,https://www.kimonolabs.com/,1/2014,,,"$           5,000,000"
,MashGin,http://www.mashgin.com,1/2015,,,"$             620,000"
,Wright Electric,https://weflywright.com,1/2017,,,
,Indee,http://indeelabs.com/,1/2017,,,
,Craft Coffee,https://www.craftcoffee.com,6/2014,,,"$             320,000"
,Simbi,https://simbi.com/,6/2016,,,"$           1,200,000"
,Fibo,https://www.fiboapp.com/,1/2017,,,
,Shout,http://UseShout.com,6/2014,,,"$             120,000"
,Dealyze,http://dealyze.com/,1/2015,,,"$             120,000"
,AirHelp,http://www.airhelp.com,1/2014,,,"$          16,700,000"
,Checkr,https://checkr.com/,6/2014,,,"$          49,120,000"
,Castle.io,https://castle.io,1/2016,,,"$           2,360,000"
,Fabric,http://fabric.me/,6/2016,,,"$             120,000"
,Cheddar,http://cheddar.io,6/2014,,,
,The Human Utility,https://www.detroitwaterproject.org/,1/2015,,,"$             100,000"
,Women Who Code,https://www.womenwhocode.com,6/2016,,,
,Souper,http://www.souper.me,6/2009,,,
,Beek,https://www.beek.io/,1/2017,,,"$             125,000"
,Scaphold.io,https://www.scaphold.io,1/2017,,,"$             165,000"
,SIRUM,https://sirum.org/,1/2015,,,"$             120,000"
,San Francisco Open Exchange,https://www.sfox.com/,6/2014,,,"$             120,000"
,FloydHub,https://www.floydhub.com,1/2017,,,
,Metapacket,http://metapacket.com/,6/2016,,,"$             120,000"
,Nightingale,http://www.nightingaleapp.com,6/2014,,,"$             780,000"
,TrueVault,https://www.truevault.com,1/2014,,,"$           2,500,000"
Exited,Cruise,http://www.getcruise.com,1/2014,"$       1,000,000,000",,"$          18,800,000"
,Goodybag,http://goodybag.com,1/2016,,,"$           1,420,000"
Dead,Omniref,http://www.omniref.com,1/2015,,,"$             120,000"
,Spire,http://spire.io,1/2015,,,"$          10,220,000"
,Zidisha,http://www.zidisha.org,1/2014,,,
,Guesty,http://guesty.com,1/2014,,,"$           1,500,000"
,Flaviar,http://flaviar.com,6/2014,,,"$             514,640"
,Airmada,http://www.airmada.com/,1/2016,,,"$             120,000"
,JustRide,http://justride.in/,6/2016,,,"$           6,400,000"
,Origin,http://eatorigin.com/,1/2017,,,
,PetCube,http://petcube.com,1/2016,,,"$           7,761,000"
,Direct Match,http://www.directmatch.com,1/2015,,,"$           9,000,000"
,Shypmate,http://www.shypmate.com/,1/2016,,,"$             120,000"
,Zestful,http://zestful.com,1/2017,,,
,BuildScience,http://buildscience.com/,1/2015,,,"$             120,000"
,Paid,http://paidlabs.com/,6/2014,,,"$             120,000"
,Rappi,http://www.rappi.com,1/2016,,,"$          10,940,000"
,BillForward,None,6/2014,,,
,Speak,http://usespeakeasy.com,1/2017,,,
,uBiome,http://ubiome.com,6/2014,,,"$          26,971,193"
,Unbabel,http://unbabel.com,1/2014,,,"$           8,000,000"
,YC W14 Stealth - #72,http://,1/2014,,,
,Wakie,http://wakie.com,1/2016,,,"$           3,000,000"
,Sourcery,http://getsourcery.com/,1/2013,,,"$          10,952,000"
,Breaker,https://breaker.audio,1/2017,,,
,New Incentives,http://www.newincentives.org/,6/2016,,,"$             120,000"
,Volans-i,http://www.volans-i.com,1/2017,,,
,Noora Health,http://www.noorahealth.org,1/2014,,,
,Buypower,https://www.buypower.ng/,1/2017,,,
Exited,Framed Data,http://www.framed.io,1/2014,,,"$           2,000,000"
,Kuna Systems,http://www.getkuna.com,1/2014,,,"$             120,000"
,Polymail,http://polymail.io,6/2016,,,"$             820,000"
,AON3D,https://aon3d.com,1/2017,,,
,Bicycle AI,http://bicycleai.com/,1/2017,,,
,ConstructVR,https://www.constructvr.io/,6/2016,,,"$             120,000"
,Outschool,https://outschool.com/,1/2016,,,"$             120,000"
,Pantheon,http://www.pantheonvr.com,1/2017,,,
,Acre Designs,http://www.acredesigns.com,1/2016,,,"$             120,000"
,Emote,http://www.emotenow.com/,6/2016,,,"$             120,000"
,Automate Ads,http://automateads.com,1/2015,,,"$           1,000,000"
Exited,Bop.fm,http://www.bop.fm,6/2013,,,"$           2,000,000"
,Final,http://www.getfinal.com,1/2015,,,"$           9,100,000"
,Magic Bus,https://www.magicbus.io/,1/2016,,,"$             120,000"
,Sixa,https://sixa.io,6/2016,,,"$           3,761,854"
,Stackq,http://,6/2009,,,
,Rigetti Computing,http://www.rigetti.com/,6/2014,,,"$          69,200,000"
,Gobble,http://gobble.com,1/2014,,,"$          14,823,000"
,Hive,https://www.hive.co,6/2014,,,"$             120,000"
,Kudi,https://kudi.ai/,1/2017,,,
,Orankl,http://www.orankl.com,1/2014,,,"$             201,267"
,YC W11 Stealth - #44,http://,1/2011,,,
,DELEE,https://www.delee.live/,1/2017,,,
,Meadow,https://getmeadow.com/,1/2015,,,"$           2,220,000"
,TARA,https://www.tara.ai/,1/2015,,,
,Iris Automations,http://www.irisonboard.com,6/2016,,,"$           2,000,000"
,SmartHires,http://www.smarthires.io,1/2015,,,"$             120,000"
,Movebutter,http://www.movebutter.com,1/2017,,,
,Armory,http://www.armory.io/,1/2017,,,
,Aella Credit,https://www.aellacredit.com,1/2017,,,
,The Athletic,https://theathletic.com/,6/2016,,,"$           2,300,000"
,Kash,http://withkash.com/,6/2014,,,"$           2,000,000"
,Tenjin,http://tenjin.io/,6/2014,,,"$           2,620,000"
,SnapEDA,http://www.snapeda.com,1/2016,,,"$             120,000"
,Flex,http://www.flexfits.com,6/2016,,,"$           4,120,000"
,Skymind,http://www.skymind.io,1/2016,,,"$           3,320,000"
,Playment,https://playment.io/,1/2017,,,"$             870,000"
,MessageBird,https://www.messagebird.com/,6/2016,,,"$             120,000"
,Stitch,https://www.teamstitch.com,1/2016,,,"$             120,000"
,Drive Pulse,http://,1/2014,,,
,ZeroDB,https://nucypher.com/,6/2016,,,
,Dating Ring,http://www.datingring.com,1/2014,,,
,NexTravel,https://www.nextravel.com,1/2015,,,"$             120,000"
,SmartPath,http://smartpathfinancial.com/,6/2016,,,"$             120,000"
,WayUp,https://www.wayup.com,1/2015,,,"$          27,468,000"
,Cowlar,http://www.cowlar.com,1/2017,,,"$              50,000"
,Pigeonly,http://www.pigeon.ly,1/2015,,,"$           5,089,999"
,Zesty,http://www.zesty.co.uk,1/2014,,,"$           9,200,000"
,Parenthoods,http://parenthoods.com/,6/2014,,,"$           1,320,000"
Dead,HoverChat,http://hoverchat.com,1/2014,,,
,Walksource,http://www.roomstorm.com,6/2014,,,"$           1,300,000"
,HyperPad,https://www.hyperpad.com,6/2014,,,"$             140,000"
,Razorpay,https://razorpay.com/,1/2015,,,"$          11,600,000"
,Trainzen,http://,1/2013,,,
,Paystack,https://www.paystack.co,1/2016,,,
,Bitrise,http://www.bitrise.io/,1/2017,,,"$             316,960"
,YC W11 Stealth - #45,http://,1/2011,,,
,Skip,http://www.skip.it/,1/2013,,,
,Amberbox,http://amberbox.com/,6/2016,,,"$             120,000"
,Paragon One,http://www.paragonone.com/,1/2017,,,
,Neema,http://www.getneema.com/,1/2017,,,
,Rickshaw,https://gorickshaw.com,1/2014,,,
,Bayes Impact,http://www.bayesimpact.org,6/2014,,,"$             120,000"
,Vatler,http://www.vatler.com/,6/2014,,,"$             120,000"
,CodeCombat,http://codecombat.com,1/2014,,,"$           2,100,000"
,Toymail,http://www.toymail.co,1/2016,,,"$           1,620,000"
,Effective Altruism,https://www.effectivealtruism.org/,1/2017,,,
,ShipBob,http://www.shipbob.com/,6/2014,,,"$           5,020,000"
,Vize Software,http://www.vize.io,1/2017,,,"$             989,367"
,MadeSolid,https://madesolid.com,1/2014,,,
,PipelineDB,https://www.pipelinedb.com,1/2014,,,
,Shift Payments,https://shiftpayments.com/,6/2014,,,"$           2,200,000"
,ZowPow,http://zowpow.com,1/2014,,,
,Skylights,http://www.skylights.aero/,6/2016,,,"$           1,300,000"
,Magic Instruments,https://magicinstruments.com/,1/2016,,,"$           1,970,000"
,Front,http://frontapp.com,6/2014,,,"$          13,250,000"
,Roost,http://roost.me/,6/2014,,,"$             710,000"
,Owners Circle,http://,6/2014,,,
,Pushmarket,None,1/2015,,,
,PersistIQ,http://persistiq.com/,6/2014,,,"$           1,820,000"
,Nomiku,http://www.nomiku.com,1/2015,,,"$             145,000"
,Bannerman,http://bannerman.com,6/2014,,,"$             120,000"
,YC S10 Stealth - #36,http://,6/2010,,,
,Tress,https://www.tressapp.co,1/2017,,,
,Level,https://www.levelframes.com/,1/2015,,,"$             120,000"
,Volt Health,https://www.volthealth.com/,1/2017,,,
,Priime,http://priime.com,1/2015,,,"$             120,000"
,Snappr,http://www.snappr.co,1/2017,,,"$             500,000"
,Birdly,http://www.getbirdly.com,1/2016,,,"$             120,000"
Dead,Sywork,https://sywork.tv,6/2015,,,"$             120,000"
,Payable,http://www.payable.com/,6/2014,,,"$           2,100,000"
Exited,Vest,https://www.vestfin.com/,1/2015,,,"$           1,470,000"
,Instant eSports,http://instantesports.com,6/2015,,,"$           2,130,000"
,New Story Charity,http://newstorycharity.org,6/2015,,,"$             200,000"
,Assembly,https://assembly.com,6/2015,,,
,Mux,https://mux.com,1/2016,,,"$          11,920,000"
,Plate Joy,http://platejoy.com,6/2015,,,"$           1,700,000"
,BlueSmart,http://bluesmart.com,1/2015,,,"$          29,500,000"
,ScopeAR,http://ScopeAR.com/,6/2015,,,"$           2,120,000"
,Afrostream,https://afrostream.tv/,6/2015,,,
,FortAwesome,https://fortawesome.com/,6/2015,,,
,Livecoding.tv,https://www.livecoding.tv/,6/2015,,,
Exited,Paribus,https://paribus.co,6/2015,,,"$           2,220,000"
,Ironclad,https://www.ironcladapp.com/,6/2015,,,"$             120,000"
,Mimir,https://mimirhq.com/,6/2015,,,"$           1,500,000"
,PlateIQ,http://plateiq.com/,6/2015,,,"$           4,500,000"
,Gravitational,http://gravitational.com/,6/2015,,,"$             120,000"
,AlphaFlow,http://www.alphaflow.com/,1/2016,,,"$           2,280,474"
,Spinal Singularity,http://www.spinalsingularity.com/,1/2016,,,"$             120,000"
,analyticsMD,http://www.qventus.com,1/2015,,,"$          15,120,000"
,Ledger Investing,https://ledgerinvesting.com,1/2017,,,"$             140,000"
,Leada,https://www.teamleada.com,6/2015,,,"$             120,000"
Exited,Wit.ai,https://www.wit.ai/,1/2014,,,"$           3,000,000"
,Foxpass,https://www.foxpass.com,6/2015,,,"$             120,000"
,Get Scale,http://getscale.com,6/2015,,,
,Verge Genomics,http://www.vergegenomics.com/,6/2015,,,
,Monthli,http://www.monthli.com/,1/2016,,,"$             120,000"
,Carlypso,http://www.carlypso.com,6/2014,,,"$           1,320,000"
,UpLabs,http://www.uplabs.com/,1/2016,,,"$             120,000"
,Xfers,http://www.xfers.io,6/2015,,,"$           2,500,000"
,L. International,https://thisisl.com,6/2015,,,
,Underground Cellar,http://www.undergroundcellar.com,1/2015,,,"$           1,000,000"
,Locent,http://www.locent.com/,1/2016,,,"$           1,380,000"
,Vidcode,http://www.vidcode.io,6/2016,,,"$             120,000"
,Index,http://www.index.io/,1/2016,,,"$             120,000"
,SigOpt,https://sigopt.com/,1/2015,,,"$           8,720,000"
,Greentoe,http://www.greentoe.com,6/2014,,,"$           1,195,000"
,Yardbook,http://www.yardbook.com,1/2016,,,"$             120,000"
,CoinTent,http://cointent.com,6/2016,,,"$           1,195,000"
,80000 Hours,https://80000hours.org/,6/2015,,,
,Livement,https://boletomovil.com,6/2016,,,"$             120,000"
,Eight,http://eightsleep.com,6/2015,,,"$          11,620,000"
,Elucify,http://www.getelucify.com,1/2016,,,"$             120,000"
,TL Biolabs,https://tlbiolabs.com,6/2016,,,"$           4,000,000"
,Wheelys Cafe,http://www.wheelyscafe.com/,6/2015,,,"$           3,443,586"
,Cofactor Genomics,http://cofactorgenomics.com,6/2015,,,"$           2,830,000"
,FirstHand,http://www.shopfirsthand.com/,1/2017,,,
,HigherMe,None,1/2015,,,"$           1,740,000"
,ROSS Intelligence,http://www.rossintelligence.com,6/2015,,,"$           2,120,000"
,iSono Health,http://www.isonohealth.com,1/2016,,,
,Zoomer,http://www.zoomerdelivery.com,6/2014,,,
,Atomwise,http://www.atomwise.com/,1/2015,,,"$           6,570,000"
,Chaldal,http://www.chaldal.com,6/2015,,,"$             120,000"
,Vertical,http://vertical.ai,1/2015,,,"$             120,000"
,Able Health,http://ablehealth.co,1/2016,,,
,Protocol Labs,http://ipn.io/,6/2014,,,"$              25,000"
,Filp,http://www.justflip.com/,1/2015,,,"$             120,000"
,Instabug,http://www.instabug.com,1/2016,,,"$           2,120,000"
,Two Tap,http://twotap.com,1/2014,,,"$           2,700,000"
,Niles,https://niles.ai,1/2017,,,
,Cinder,http://www.cindercooks.com,1/2015,,,"$             496,000"
,The Mednet,https://www.themednet.org/,1/2017,,,
,YC W15 Stealth - #114,None,1/2015,,,
,Minuum,http://minuum.com,1/2014,,,"$             500,000"
,Cambridge Bio-Augmentation Systems,http://www.cbas.global,1/2017,,,
,Interstate Analytics,https://interstateanalytics.com/,1/2016,,,"$             120,000"
,MineralSoft,https://mineralsoft.com/,1/2016,,,"$             120,000"
,Saleswhale,http://saleswhale.com,6/2016,,,"$           1,200,000"
,OneChronos,https://www.onechronos.com,6/2016,,,"$             120,000"
,Immunity Project,http://www.immunityproject.org,1/2014,,,"$           1,120,000"
,BulldozAIR,http://www.bulldozair.com/,6/2016,,,"$           1,234,846"
,YC W15 Stealth - #113,None,1/2015,,,
,Unima,http://www.unima.com.mx,1/2016,,,"$           1,300,000"
,GTrack Technologies,http://www.gtracktechnologies.com/,6/2016,,,"$             120,000"
,Loop Genomics,http://www.loopgenomics.com/,1/2016,,,"$             120,000"
,Standard Cyborg,http://standardcyborg.com,1/2015,,,"$             120,000"
,Vetcove,https://www.vetcove.com/,6/2016,,,"$             120,000"
,Suiteness,http://www.suiteness.com,6/2016,,,"$           6,120,000"
,OpenTrons,http://www.opentrons.com/,1/2016,,,"$              25,000"
,Tetra,https://asktetra.com/,1/2017,,,
,Next Caller,http://nextcaller.com,1/2014,,,
,GroupAhead,http://groupahead.com/,1/2015,,,"$             875,000"
,UPower,http://www.upowertech.com,6/2014,,,"$             170,000"
,ReturnBase,https://returnbase.com,1/2017,,,
,Curtsy,http://www.curtsyapp.com/,6/2016,,,"$             120,000"
,YC W15 Stealth - #107,,1/2015,,,
,Fiix,https://www.fiix.io,1/2017,,,
,Reduced Energy Microsystems (REM),http://remicro.com/,1/2016,,,"$             120,000"
,Apozy,https://www.apozy.com,1/2017,,,"$           1,550,000"
,Boom,http://boomsupersonic.com/,1/2016,,,"$          35,240,000"
,UnnyWorld,http://www.unnyhog.com,1/2016,,,"$             120,000"
,Shift Messenger,http://www.shiftmessenger.com/,1/2015,,,"$           1,620,000"
,HistoWiz,http://histowiz.com/,1/2016,,,"$           1,714,514"
,Supr Daily,http://www.suprdaily.com/,1/2017,,,"$             120,000"
,Whyd,https://whyd.com,6/2016,,,"$             820,000"
,Tolemi,http://www.tolemi.com/,1/2017,,,
,Spot Angels,http://www.spotangels.com,6/2014,,,
,CrowdAI,http://crowdai.com/,6/2016,,,"$           2,120,000"
,lvl5,http://lvl5.ai/,1/2017,,,
,Luka,https://luka.ai/,1/2015,,,"$           4,540,000"
,TradeBlock,http://tradeblock.com,1/2014,,,"$           2,800,000"
,X-Zell,http://www.x-zell.com/,1/2016,,,"$             120,000"
,Starcity,https://joinstarcity.com/,6/2016,,,"$             120,000"
,Roomstorm,http://www.roomstorm.com,6/2014,,,"$           1,300,000"
,RocketLit,http://www.rocketlit.com/,6/2016,,,"$             120,000"
,Wink Health,https://winkhealth.com,6/2015,,,"$             120,000"
,Enflux,http://www.getenflux.com,1/2016,,,
,ThinAir,http://thinair.com,1/2015,,,
,Circle Medical,http://circlemedical.com/,6/2015,,,"$           2,900,000"
Dead,HaloLife,https://halolife.com/,1/2016,,,"$             120,000"
,Luminostics,http://www.luminostics.com,6/2016,,,"$             120,000"
,Sinovia Technologies,https://www.sinoviatech.com,1/2017,,,
,Emburse,http://www.emburse.com/,1/2016,,,"$             120,000"
,Silver,http://www.scansilver.com/,1/2016,,,"$             120,000"
,Sandbox,http://www.sandboxbanking.com/,1/2017,,,
,Notable Labs,http://www.notablelabs.com,1/2015,,,"$           4,488,500"
,Msg.ai,http://msg.ai,1/2016,,,"$           2,700,000"
,Paperspace,http://www.paperspace.io,1/2015,,,"$          11,428,000"
,Open Listings,https://www.openlistings.com,1/2015,,,"$           1,000,000"
,Naytev,https://www.naytev.com,6/2014,,,"$           1,420,000"
,Gigwell,http://www.gigwell.com,1/2016,,,"$           1,770,000"
,Mentat,http://www.thementat.com/,6/2016,,,"$             120,000"
,Motionlead,http://motionlead.com,1/2014,,,
,Elemeno Health,http://www.elemenohealth.com/,6/2016,,,"$             120,000"
,Mere Coffee,http://www.merecoffee.com/,1/2017,,,
,Mason America,http://www.bymason.com,1/2016,,,"$             120,000"
,Riley,https://getrileynow.com/,1/2017,,,"$           3,100,000"
,Pluot,https://pluot.co/,1/2016,,,"$           2,620,000"
,Fellow,https://joinfellow.com/,6/2016,,,"$             120,000"
,GitLab,http://about.gitlab.com,1/2015,,,"$          25,620,000"
,Georgette Packaging,http://www.georgettepackaging.com/,1/2016,,,"$             120,000"
,Instrumentl,https://www.instrumentl.com/,6/2016,,,"$             120,000"
,TeamNote,http://www.teamnoteapp.com/,1/2015,,,"$             161,250"
,People.ai,https://people.ai/,6/2016,,,"$             120,000"
,Transcend Lighting,http://www.transcendlighting.com/,6/2015,,,"$           1,100,000"
,ZenProspect,https://www.zenprospect.com/,1/2016,,,"$           2,320,000"
,Scale,http://scaleapi.com,6/2016,,,"$             120,000"
,SendBird,https://sendbird.com,1/2016,,,"$             120,000"
,Seneca Systems,http://seneca.systems/,6/2016,,,"$             120,000"
,NetBeez,http://netbeez.net,1/2016,,,"$           1,045,000"
,Lollicam,http://lollic.am,6/2016,,,"$           2,000,000"
,No Lean Season,http://www.noleanseason.org/,1/2017,,,
,Valor Water Analytics,https://valorwater.com/,1/2015,,,"$           2,840,000"
,Trade,http://www.tradeghana.co/,1/2017,,,"$             100,000"
,YC W15 Stealth - #110,None,1/2015,,,
,Pushbullet,http://www.pushbullet.com,1/2014,,,"$           1,500,000"
,GetAccept,https://www.getaccept.com,1/2016,,,"$             120,000"
,Women.com,https://www.women.com,6/2014,,,"$           1,750,000"
,Convox,http://convox.com/,6/2015,,,"$           1,300,000"
,KickPay,http://kickpay.com,1/2015,,,"$             120,000"
Exited,Bizzy.io,http://bizzy.io,6/2015,,,"$             120,000"
,Eden,http://edentech.co,6/2015,,,
,Povio,http://pov.io,1/2014,,,"$              75,000"
Exited,Vest,https://www.vestfin.com/,6/2015,,,"$           1,470,000"
,BlueCrew,https://www.bluecrewjobs.com/,6/2015,,,"$           3,220,000"
,Open Invest,https://www.openinvest.co/,6/2015,,,"$             500,000"
,Protonet,http://www.protonet.info/en,1/2016,,,"$           7,654,742"
,Xendit,http://www.xendit.co,6/2015,,,"$             120,000"
,Copia,https://www.GoCopia.com/,1/2016,,,"$             140,000"
,MicroHealth,https://microhealth.com/,6/2015,,,"$             120,000"
,BlockSpring,https://www.blockspring.com/,6/2014,,,"$           3,520,000"
,Giveffect,https://www.giveffect.com/,1/2015,,,"$             120,000"
,Call9,http://callnine.com,6/2015,,,
,Give Campus,https://www.givecampus.com/,6/2015,,,"$             120,000"
,ShapeScale,http://www.shapescale.com/,6/2015,,,
,Luminist,http://luministlabs.com,1/2016,,,"$             150,000"
,Lynks,https://www.lynks.com/,1/2016,,,"$             240,000"
,Hickory,http://hickorytraining.com,6/2015,,,
,Bodyport,http://www.bodyport.com,6/2015,,,"$             120,000"
,Willing,http://willing.com/,6/2015,,,"$           7,120,000"
,zPredicta,http://zpredicta.com,6/2015,,,"$             120,000"
,Pretty Instant,http://prettyinstant.com,1/2015,,,"$             120,000"
,GrowSumo,https://www.GrowSumo.com,6/2015,,,"$             120,000"
,RedCarpetUp,https://www.redcarpetup.com/,6/2015,,,"$           2,620,000"
,One Degree,http://www.1deg.org,1/2014,,,"$           1,700,000"
,Lugg,http://lu.gg,6/2015,,,
,Cymmetria,http://www.cymmetria.com/,6/2015,,,"$          10,600,000"
,Her,https://weareher.com/,6/2015,,,"$           1,994,645"
,Magic,https://www.getmagic.com/,1/2015,,,"$          12,120,000"
,YC S14 Stealth - #85,None,6/2014,,,
,YC W15 Stealth - #111,None,1/2015,,,
,PickTrace,http://picktrace.com,6/2015,,,
